,row,col,value
1,Acanthus ilicifolius Linnaeus,Acanthus ilicifolius Linnaeus,0
2,Avicennia alba Blume,Acanthus ilicifolius Linnaeus,21.97305838
3,Avicennia marina (Forsk.) Vierh,Acanthus ilicifolius Linnaeus,21.97305838
4,Avicennia officinalis L.,Acanthus ilicifolius Linnaeus,21.97305838
5,Nypa fruticans (Thunb.) Wurmb. ,Acanthus ilicifolius Linnaeus,73.19245379
6,Lumnitzera racemosa Willd.,Acanthus ilicifolius Linnaeus,73.19245379
7,Exocoecaria agallocha L.,Acanthus ilicifolius Linnaeus,73.19245379
8,Cynometra ramiflora L.,Acanthus ilicifolius Linnaeus,73.19245379
9,Sonneratia alba J. Smith,Acanthus ilicifolius Linnaeus,73.19245379
10,Sonneratia caeseolaris (L.) Engl.,Acanthus ilicifolius Linnaeus,73.19245379
11,sonneratia apetala Buch. - Ham,Acanthus ilicifolius Linnaeus,73.19245379
12,Sonneratia griffithi Kurz ,Acanthus ilicifolius Linnaeus,73.19245379
13,Heritiera globosa Kostermans,Acanthus ilicifolius Linnaeus,73.19245379
14,Heritiera fomes Buch.-Ham,Acanthus ilicifolius Linnaeus,73.19245379
15,Heritiera littoralis Dryand,Acanthus ilicifolius Linnaeus,73.19245379
16,Xylocarpus granatum J. Konig,Acanthus ilicifolius Linnaeus,73.19245379
17,Xylocarpus mekongensis Pierre. ,Acanthus ilicifolius Linnaeus,73.19245379
18,Xylocarpus moluccensis (Lamk.),Acanthus ilicifolius Linnaeus,73.19245379
19,Phoenix paludosa Roxb.,Acanthus ilicifolius Linnaeus,100
20,Aegialitis rotundifolia Roxb.,Acanthus ilicifolius Linnaeus,73.19245379
21,Aegiceras corniculatum (L.) Blanco,Acanthus ilicifolius Linnaeus,73.19245379
22,Acrostichum aureum L.,Acanthus ilicifolius Linnaeus,100
23,Bruguiera cylindrica (L.) Blume,Acanthus ilicifolius Linnaeus,73.19245379
24,Bruguiera gymnorrhiza (L.) Savigny,Acanthus ilicifolius Linnaeus,73.19245379
25,Bruguiera sexangula (Lour.) Poir.,Acanthus ilicifolius Linnaeus,73.19245379
26,Bruguiera parviflora,Acanthus ilicifolius Linnaeus,73.19245379
27,Ceriops decandra (Griff) Ding Hou,Acanthus ilicifolius Linnaeus,73.19245379
28,Ceriops tagal (Perr. C. B. Roby),Acanthus ilicifolius Linnaeus,73.19245379
29,Kandelia candel Druce,Acanthus ilicifolius Linnaeus,73.19245379
30,Rhizophora apiculata Blume,Acanthus ilicifolius Linnaeus,73.19245379
31,Rhizophorata mucronata Lamk,Acanthus ilicifolius Linnaeus,73.19245379
32,Rhizophora annamalayana Kathiresan,Acanthus ilicifolius Linnaeus,73.19245379
33,Scyphiphora hydrophyllacea C. F. Gaertn,Acanthus ilicifolius Linnaeus,73.19245379
34,Brownlowia tersa (L.) Kosterm ,Acanthus ilicifolius Linnaeus,73.19245379
35,Acanthus ilicifolius Linnaeus,Avicennia alba Blume,21.97305838
36,Avicennia alba Blume,Avicennia alba Blume,0
37,Avicennia marina (Forsk.) Vierh,Avicennia alba Blume,17.74028793
38,Avicennia officinalis L.,Avicennia alba Blume,17.74028793
39,Nypa fruticans (Thunb.) Wurmb. ,Avicennia alba Blume,73.19245379
40,Lumnitzera racemosa Willd.,Avicennia alba Blume,73.19245379
41,Exocoecaria agallocha L.,Avicennia alba Blume,73.19245379
42,Cynometra ramiflora L.,Avicennia alba Blume,73.19245379
43,Sonneratia alba J. Smith,Avicennia alba Blume,73.19245379
44,Sonneratia caeseolaris (L.) Engl.,Avicennia alba Blume,73.19245379
45,sonneratia apetala Buch. - Ham,Avicennia alba Blume,73.19245379
46,Sonneratia griffithi Kurz ,Avicennia alba Blume,73.19245379
47,Heritiera globosa Kostermans,Avicennia alba Blume,73.19245379
48,Heritiera fomes Buch.-Ham,Avicennia alba Blume,73.19245379
49,Heritiera littoralis Dryand,Avicennia alba Blume,73.19245379
50,Xylocarpus granatum J. Konig,Avicennia alba Blume,73.19245379
51,Xylocarpus mekongensis Pierre. ,Avicennia alba Blume,73.19245379
52,Xylocarpus moluccensis (Lamk.),Avicennia alba Blume,73.19245379
53,Phoenix paludosa Roxb.,Avicennia alba Blume,100
54,Aegialitis rotundifolia Roxb.,Avicennia alba Blume,73.19245379
55,Aegiceras corniculatum (L.) Blanco,Avicennia alba Blume,73.19245379
56,Acrostichum aureum L.,Avicennia alba Blume,100
57,Bruguiera cylindrica (L.) Blume,Avicennia alba Blume,73.19245379
58,Bruguiera gymnorrhiza (L.) Savigny,Avicennia alba Blume,73.19245379
59,Bruguiera sexangula (Lour.) Poir.,Avicennia alba Blume,73.19245379
60,Bruguiera parviflora,Avicennia alba Blume,73.19245379
61,Ceriops decandra (Griff) Ding Hou,Avicennia alba Blume,73.19245379
62,Ceriops tagal (Perr. C. B. Roby),Avicennia alba Blume,73.19245379
63,Kandelia candel Druce,Avicennia alba Blume,73.19245379
64,Rhizophora apiculata Blume,Avicennia alba Blume,73.19245379
65,Rhizophorata mucronata Lamk,Avicennia alba Blume,73.19245379
66,Rhizophora annamalayana Kathiresan,Avicennia alba Blume,73.19245379
67,Scyphiphora hydrophyllacea C. F. Gaertn,Avicennia alba Blume,73.19245379
68,Brownlowia tersa (L.) Kosterm ,Avicennia alba Blume,73.19245379
69,Acanthus ilicifolius Linnaeus,Avicennia marina (Forsk.) Vierh,21.97305838
70,Avicennia alba Blume,Avicennia marina (Forsk.) Vierh,17.74028793
71,Avicennia marina (Forsk.) Vierh,Avicennia marina (Forsk.) Vierh,0
72,Avicennia officinalis L.,Avicennia marina (Forsk.) Vierh,17.74028793
73,Nypa fruticans (Thunb.) Wurmb. ,Avicennia marina (Forsk.) Vierh,73.19245379
74,Lumnitzera racemosa Willd.,Avicennia marina (Forsk.) Vierh,73.19245379
75,Exocoecaria agallocha L.,Avicennia marina (Forsk.) Vierh,73.19245379
76,Cynometra ramiflora L.,Avicennia marina (Forsk.) Vierh,73.19245379
77,Sonneratia alba J. Smith,Avicennia marina (Forsk.) Vierh,73.19245379
78,Sonneratia caeseolaris (L.) Engl.,Avicennia marina (Forsk.) Vierh,73.19245379
79,sonneratia apetala Buch. - Ham,Avicennia marina (Forsk.) Vierh,73.19245379
80,Sonneratia griffithi Kurz ,Avicennia marina (Forsk.) Vierh,73.19245379
81,Heritiera globosa Kostermans,Avicennia marina (Forsk.) Vierh,73.19245379
82,Heritiera fomes Buch.-Ham,Avicennia marina (Forsk.) Vierh,73.19245379
83,Heritiera littoralis Dryand,Avicennia marina (Forsk.) Vierh,73.19245379
84,Xylocarpus granatum J. Konig,Avicennia marina (Forsk.) Vierh,73.19245379
85,Xylocarpus mekongensis Pierre. ,Avicennia marina (Forsk.) Vierh,73.19245379
86,Xylocarpus moluccensis (Lamk.),Avicennia marina (Forsk.) Vierh,73.19245379
87,Phoenix paludosa Roxb.,Avicennia marina (Forsk.) Vierh,100
88,Aegialitis rotundifolia Roxb.,Avicennia marina (Forsk.) Vierh,73.19245379
89,Aegiceras corniculatum (L.) Blanco,Avicennia marina (Forsk.) Vierh,73.19245379
90,Acrostichum aureum L.,Avicennia marina (Forsk.) Vierh,100
91,Bruguiera cylindrica (L.) Blume,Avicennia marina (Forsk.) Vierh,73.19245379
92,Bruguiera gymnorrhiza (L.) Savigny,Avicennia marina (Forsk.) Vierh,73.19245379
93,Bruguiera sexangula (Lour.) Poir.,Avicennia marina (Forsk.) Vierh,73.19245379
94,Bruguiera parviflora,Avicennia marina (Forsk.) Vierh,73.19245379
95,Ceriops decandra (Griff) Ding Hou,Avicennia marina (Forsk.) Vierh,73.19245379
96,Ceriops tagal (Perr. C. B. Roby),Avicennia marina (Forsk.) Vierh,73.19245379
97,Kandelia candel Druce,Avicennia marina (Forsk.) Vierh,73.19245379
98,Rhizophora apiculata Blume,Avicennia marina (Forsk.) Vierh,73.19245379
99,Rhizophorata mucronata Lamk,Avicennia marina (Forsk.) Vierh,73.19245379
100,Rhizophora annamalayana Kathiresan,Avicennia marina (Forsk.) Vierh,73.19245379
101,Scyphiphora hydrophyllacea C. F. Gaertn,Avicennia marina (Forsk.) Vierh,73.19245379
102,Brownlowia tersa (L.) Kosterm ,Avicennia marina (Forsk.) Vierh,73.19245379
103,Acanthus ilicifolius Linnaeus,Avicennia officinalis L.,21.97305838
104,Avicennia alba Blume,Avicennia officinalis L.,17.74028793
105,Avicennia marina (Forsk.) Vierh,Avicennia officinalis L.,17.74028793
106,Avicennia officinalis L.,Avicennia officinalis L.,0
107,Nypa fruticans (Thunb.) Wurmb. ,Avicennia officinalis L.,73.19245379
108,Lumnitzera racemosa Willd.,Avicennia officinalis L.,73.19245379
109,Exocoecaria agallocha L.,Avicennia officinalis L.,73.19245379
110,Cynometra ramiflora L.,Avicennia officinalis L.,73.19245379
111,Sonneratia alba J. Smith,Avicennia officinalis L.,73.19245379
112,Sonneratia caeseolaris (L.) Engl.,Avicennia officinalis L.,73.19245379
113,sonneratia apetala Buch. - Ham,Avicennia officinalis L.,73.19245379
114,Sonneratia griffithi Kurz ,Avicennia officinalis L.,73.19245379
115,Heritiera globosa Kostermans,Avicennia officinalis L.,73.19245379
116,Heritiera fomes Buch.-Ham,Avicennia officinalis L.,73.19245379
117,Heritiera littoralis Dryand,Avicennia officinalis L.,73.19245379
118,Xylocarpus granatum J. Konig,Avicennia officinalis L.,73.19245379
119,Xylocarpus mekongensis Pierre. ,Avicennia officinalis L.,73.19245379
120,Xylocarpus moluccensis (Lamk.),Avicennia officinalis L.,73.19245379
121,Phoenix paludosa Roxb.,Avicennia officinalis L.,100
122,Aegialitis rotundifolia Roxb.,Avicennia officinalis L.,73.19245379
123,Aegiceras corniculatum (L.) Blanco,Avicennia officinalis L.,73.19245379
124,Acrostichum aureum L.,Avicennia officinalis L.,100
125,Bruguiera cylindrica (L.) Blume,Avicennia officinalis L.,73.19245379
126,Bruguiera gymnorrhiza (L.) Savigny,Avicennia officinalis L.,73.19245379
127,Bruguiera sexangula (Lour.) Poir.,Avicennia officinalis L.,73.19245379
128,Bruguiera parviflora,Avicennia officinalis L.,73.19245379
129,Ceriops decandra (Griff) Ding Hou,Avicennia officinalis L.,73.19245379
130,Ceriops tagal (Perr. C. B. Roby),Avicennia officinalis L.,73.19245379
131,Kandelia candel Druce,Avicennia officinalis L.,73.19245379
132,Rhizophora apiculata Blume,Avicennia officinalis L.,73.19245379
133,Rhizophorata mucronata Lamk,Avicennia officinalis L.,73.19245379
134,Rhizophora annamalayana Kathiresan,Avicennia officinalis L.,73.19245379
135,Scyphiphora hydrophyllacea C. F. Gaertn,Avicennia officinalis L.,73.19245379
136,Brownlowia tersa (L.) Kosterm ,Avicennia officinalis L.,73.19245379
137,Acanthus ilicifolius Linnaeus,Nypa fruticans (Thunb.) Wurmb. ,73.19245379
138,Avicennia alba Blume,Nypa fruticans (Thunb.) Wurmb. ,73.19245379
139,Avicennia marina (Forsk.) Vierh,Nypa fruticans (Thunb.) Wurmb. ,73.19245379
140,Avicennia officinalis L.,Nypa fruticans (Thunb.) Wurmb. ,73.19245379
141,Nypa fruticans (Thunb.) Wurmb. ,Nypa fruticans (Thunb.) Wurmb. ,0
142,Lumnitzera racemosa Willd.,Nypa fruticans (Thunb.) Wurmb. ,73.19245379
143,Exocoecaria agallocha L.,Nypa fruticans (Thunb.) Wurmb. ,73.19245379
144,Cynometra ramiflora L.,Nypa fruticans (Thunb.) Wurmb. ,73.19245379
145,Sonneratia alba J. Smith,Nypa fruticans (Thunb.) Wurmb. ,73.19245379
146,Sonneratia caeseolaris (L.) Engl.,Nypa fruticans (Thunb.) Wurmb. ,73.19245379
147,sonneratia apetala Buch. - Ham,Nypa fruticans (Thunb.) Wurmb. ,73.19245379
148,Sonneratia griffithi Kurz ,Nypa fruticans (Thunb.) Wurmb. ,73.19245379
149,Heritiera globosa Kostermans,Nypa fruticans (Thunb.) Wurmb. ,73.19245379
150,Heritiera fomes Buch.-Ham,Nypa fruticans (Thunb.) Wurmb. ,73.19245379
151,Heritiera littoralis Dryand,Nypa fruticans (Thunb.) Wurmb. ,73.19245379
152,Xylocarpus granatum J. Konig,Nypa fruticans (Thunb.) Wurmb. ,73.19245379
153,Xylocarpus mekongensis Pierre. ,Nypa fruticans (Thunb.) Wurmb. ,73.19245379
154,Xylocarpus moluccensis (Lamk.),Nypa fruticans (Thunb.) Wurmb. ,73.19245379
155,Phoenix paludosa Roxb.,Nypa fruticans (Thunb.) Wurmb. ,79.89434035
156,Aegialitis rotundifolia Roxb.,Nypa fruticans (Thunb.) Wurmb. ,73.19245379
157,Aegiceras corniculatum (L.) Blanco,Nypa fruticans (Thunb.) Wurmb. ,73.19245379
158,Acrostichum aureum L.,Nypa fruticans (Thunb.) Wurmb. ,79.89434035
159,Bruguiera cylindrica (L.) Blume,Nypa fruticans (Thunb.) Wurmb. ,73.19245379
160,Bruguiera gymnorrhiza (L.) Savigny,Nypa fruticans (Thunb.) Wurmb. ,73.19245379
161,Bruguiera sexangula (Lour.) Poir.,Nypa fruticans (Thunb.) Wurmb. ,73.19245379
162,Bruguiera parviflora,Nypa fruticans (Thunb.) Wurmb. ,73.19245379
163,Ceriops decandra (Griff) Ding Hou,Nypa fruticans (Thunb.) Wurmb. ,73.19245379
164,Ceriops tagal (Perr. C. B. Roby),Nypa fruticans (Thunb.) Wurmb. ,73.19245379
165,Kandelia candel Druce,Nypa fruticans (Thunb.) Wurmb. ,73.19245379
166,Rhizophora apiculata Blume,Nypa fruticans (Thunb.) Wurmb. ,73.19245379
167,Rhizophorata mucronata Lamk,Nypa fruticans (Thunb.) Wurmb. ,73.19245379
168,Rhizophora annamalayana Kathiresan,Nypa fruticans (Thunb.) Wurmb. ,73.19245379
169,Scyphiphora hydrophyllacea C. F. Gaertn,Nypa fruticans (Thunb.) Wurmb. ,73.19245379
170,Brownlowia tersa (L.) Kosterm ,Nypa fruticans (Thunb.) Wurmb. ,73.19245379
171,Acanthus ilicifolius Linnaeus,Lumnitzera racemosa Willd.,73.19245379
172,Avicennia alba Blume,Lumnitzera racemosa Willd.,73.19245379
173,Avicennia marina (Forsk.) Vierh,Lumnitzera racemosa Willd.,73.19245379
174,Avicennia officinalis L.,Lumnitzera racemosa Willd.,73.19245379
175,Nypa fruticans (Thunb.) Wurmb. ,Lumnitzera racemosa Willd.,73.19245379
176,Lumnitzera racemosa Willd.,Lumnitzera racemosa Willd.,0
177,Exocoecaria agallocha L.,Lumnitzera racemosa Willd.,53.08679414
178,Cynometra ramiflora L.,Lumnitzera racemosa Willd.,53.08679414
179,Sonneratia alba J. Smith,Lumnitzera racemosa Willd.,51.54020494
180,Sonneratia caeseolaris (L.) Engl.,Lumnitzera racemosa Willd.,31.43454528
181,sonneratia apetala Buch. - Ham,Lumnitzera racemosa Willd.,31.43454528
182,Sonneratia griffithi Kurz ,Lumnitzera racemosa Willd.,31.43454528
183,Heritiera globosa Kostermans,Lumnitzera racemosa Willd.,73.19245379
184,Heritiera fomes Buch.-Ham,Lumnitzera racemosa Willd.,73.19245379
185,Heritiera littoralis Dryand,Lumnitzera racemosa Willd.,73.19245379
186,Xylocarpus granatum J. Konig,Lumnitzera racemosa Willd.,53.08679414
187,Xylocarpus mekongensis Pierre. ,Lumnitzera racemosa Willd.,53.08679414
188,Xylocarpus moluccensis (Lamk.),Lumnitzera racemosa Willd.,53.08679414
189,Phoenix paludosa Roxb.,Lumnitzera racemosa Willd.,100
190,Aegialitis rotundifolia Roxb.,Lumnitzera racemosa Willd.,73.19245379
191,Aegiceras corniculatum (L.) Blanco,Lumnitzera racemosa Willd.,73.19245379
192,Acrostichum aureum L.,Lumnitzera racemosa Willd.,100
193,Bruguiera cylindrica (L.) Blume,Lumnitzera racemosa Willd.,53.08679414
194,Bruguiera gymnorrhiza (L.) Savigny,Lumnitzera racemosa Willd.,53.08679414
195,Bruguiera sexangula (Lour.) Poir.,Lumnitzera racemosa Willd.,53.08679414
196,Bruguiera parviflora,Lumnitzera racemosa Willd.,53.08679414
197,Ceriops decandra (Griff) Ding Hou,Lumnitzera racemosa Willd.,53.08679414
198,Ceriops tagal (Perr. C. B. Roby),Lumnitzera racemosa Willd.,53.08679414
199,Kandelia candel Druce,Lumnitzera racemosa Willd.,53.08679414
200,Rhizophora apiculata Blume,Lumnitzera racemosa Willd.,53.08679414
201,Rhizophorata mucronata Lamk,Lumnitzera racemosa Willd.,53.08679414
202,Rhizophora annamalayana Kathiresan,Lumnitzera racemosa Willd.,53.08679414
203,Scyphiphora hydrophyllacea C. F. Gaertn,Lumnitzera racemosa Willd.,73.19245379
204,Brownlowia tersa (L.) Kosterm ,Lumnitzera racemosa Willd.,73.19245379
205,Acanthus ilicifolius Linnaeus,Exocoecaria agallocha L.,73.19245379
206,Avicennia alba Blume,Exocoecaria agallocha L.,73.19245379
207,Avicennia marina (Forsk.) Vierh,Exocoecaria agallocha L.,73.19245379
208,Avicennia officinalis L.,Exocoecaria agallocha L.,73.19245379
209,Nypa fruticans (Thunb.) Wurmb. ,Exocoecaria agallocha L.,73.19245379
210,Lumnitzera racemosa Willd.,Exocoecaria agallocha L.,53.08679414
211,Exocoecaria agallocha L.,Exocoecaria agallocha L.,0
212,Cynometra ramiflora L.,Exocoecaria agallocha L.,53.08679414
213,Sonneratia alba J. Smith,Exocoecaria agallocha L.,73.19245379
214,Sonneratia caeseolaris (L.) Engl.,Exocoecaria agallocha L.,53.08679414
215,sonneratia apetala Buch. - Ham,Exocoecaria agallocha L.,53.08679414
216,Sonneratia griffithi Kurz ,Exocoecaria agallocha L.,53.08679414
217,Heritiera globosa Kostermans,Exocoecaria agallocha L.,73.19245379
218,Heritiera fomes Buch.-Ham,Exocoecaria agallocha L.,73.19245379
219,Heritiera littoralis Dryand,Exocoecaria agallocha L.,73.19245379
220,Xylocarpus granatum J. Konig,Exocoecaria agallocha L.,53.08679414
221,Xylocarpus mekongensis Pierre. ,Exocoecaria agallocha L.,53.08679414
222,Xylocarpus moluccensis (Lamk.),Exocoecaria agallocha L.,53.08679414
223,Phoenix paludosa Roxb.,Exocoecaria agallocha L.,100
224,Aegialitis rotundifolia Roxb.,Exocoecaria agallocha L.,73.19245379
225,Aegiceras corniculatum (L.) Blanco,Exocoecaria agallocha L.,73.19245379
226,Acrostichum aureum L.,Exocoecaria agallocha L.,100
227,Bruguiera cylindrica (L.) Blume,Exocoecaria agallocha L.,53.08679414
228,Bruguiera gymnorrhiza (L.) Savigny,Exocoecaria agallocha L.,53.08679414
229,Bruguiera sexangula (Lour.) Poir.,Exocoecaria agallocha L.,53.08679414
230,Bruguiera parviflora,Exocoecaria agallocha L.,53.08679414
231,Ceriops decandra (Griff) Ding Hou,Exocoecaria agallocha L.,53.08679414
232,Ceriops tagal (Perr. C. B. Roby),Exocoecaria agallocha L.,53.08679414
233,Kandelia candel Druce,Exocoecaria agallocha L.,53.08679414
234,Rhizophora apiculata Blume,Exocoecaria agallocha L.,53.08679414
235,Rhizophorata mucronata Lamk,Exocoecaria agallocha L.,53.08679414
236,Rhizophora annamalayana Kathiresan,Exocoecaria agallocha L.,53.08679414
237,Scyphiphora hydrophyllacea C. F. Gaertn,Exocoecaria agallocha L.,73.19245379
238,Brownlowia tersa (L.) Kosterm ,Exocoecaria agallocha L.,73.19245379
239,Acanthus ilicifolius Linnaeus,Cynometra ramiflora L.,73.19245379
240,Avicennia alba Blume,Cynometra ramiflora L.,73.19245379
241,Avicennia marina (Forsk.) Vierh,Cynometra ramiflora L.,73.19245379
242,Avicennia officinalis L.,Cynometra ramiflora L.,73.19245379
243,Nypa fruticans (Thunb.) Wurmb. ,Cynometra ramiflora L.,73.19245379
244,Lumnitzera racemosa Willd.,Cynometra ramiflora L.,53.08679414
245,Exocoecaria agallocha L.,Cynometra ramiflora L.,53.08679414
246,Cynometra ramiflora L.,Cynometra ramiflora L.,0
247,Sonneratia alba J. Smith,Cynometra ramiflora L.,73.19245379
248,Sonneratia caeseolaris (L.) Engl.,Cynometra ramiflora L.,53.08679414
249,sonneratia apetala Buch. - Ham,Cynometra ramiflora L.,53.08679414
250,Sonneratia griffithi Kurz ,Cynometra ramiflora L.,53.08679414
251,Heritiera globosa Kostermans,Cynometra ramiflora L.,73.19245379
252,Heritiera fomes Buch.-Ham,Cynometra ramiflora L.,73.19245379
253,Heritiera littoralis Dryand,Cynometra ramiflora L.,73.19245379
254,Xylocarpus granatum J. Konig,Cynometra ramiflora L.,53.08679414
255,Xylocarpus mekongensis Pierre. ,Cynometra ramiflora L.,53.08679414
256,Xylocarpus moluccensis (Lamk.),Cynometra ramiflora L.,53.08679414
257,Phoenix paludosa Roxb.,Cynometra ramiflora L.,100
258,Aegialitis rotundifolia Roxb.,Cynometra ramiflora L.,73.19245379
259,Aegiceras corniculatum (L.) Blanco,Cynometra ramiflora L.,73.19245379
260,Acrostichum aureum L.,Cynometra ramiflora L.,100
261,Bruguiera cylindrica (L.) Blume,Cynometra ramiflora L.,53.08679414
262,Bruguiera gymnorrhiza (L.) Savigny,Cynometra ramiflora L.,53.08679414
263,Bruguiera sexangula (Lour.) Poir.,Cynometra ramiflora L.,53.08679414
264,Bruguiera parviflora,Cynometra ramiflora L.,53.08679414
265,Ceriops decandra (Griff) Ding Hou,Cynometra ramiflora L.,53.08679414
266,Ceriops tagal (Perr. C. B. Roby),Cynometra ramiflora L.,53.08679414
267,Kandelia candel Druce,Cynometra ramiflora L.,53.08679414
268,Rhizophora apiculata Blume,Cynometra ramiflora L.,53.08679414
269,Rhizophorata mucronata Lamk,Cynometra ramiflora L.,53.08679414
270,Rhizophora annamalayana Kathiresan,Cynometra ramiflora L.,53.08679414
271,Scyphiphora hydrophyllacea C. F. Gaertn,Cynometra ramiflora L.,73.19245379
272,Brownlowia tersa (L.) Kosterm ,Cynometra ramiflora L.,73.19245379
273,Acanthus ilicifolius Linnaeus,Sonneratia alba J. Smith,73.19245379
274,Avicennia alba Blume,Sonneratia alba J. Smith,73.19245379
275,Avicennia marina (Forsk.) Vierh,Sonneratia alba J. Smith,73.19245379
276,Avicennia officinalis L.,Sonneratia alba J. Smith,73.19245379
277,Nypa fruticans (Thunb.) Wurmb. ,Sonneratia alba J. Smith,73.19245379
278,Lumnitzera racemosa Willd.,Sonneratia alba J. Smith,51.54020494
279,Exocoecaria agallocha L.,Sonneratia alba J. Smith,73.19245379
280,Cynometra ramiflora L.,Sonneratia alba J. Smith,73.19245379
281,Sonneratia alba J. Smith,Sonneratia alba J. Smith,0
282,Sonneratia caeseolaris (L.) Engl.,Sonneratia alba J. Smith,37.84594759
283,sonneratia apetala Buch. - Ham,Sonneratia alba J. Smith,37.84594759
284,Sonneratia griffithi Kurz ,Sonneratia alba J. Smith,37.84594759
285,Heritiera globosa Kostermans,Sonneratia alba J. Smith,73.19245379
286,Heritiera fomes Buch.-Ham,Sonneratia alba J. Smith,73.19245379
287,Heritiera littoralis Dryand,Sonneratia alba J. Smith,73.19245379
288,Xylocarpus granatum J. Konig,Sonneratia alba J. Smith,73.19245379
289,Xylocarpus mekongensis Pierre. ,Sonneratia alba J. Smith,73.19245379
290,Xylocarpus moluccensis (Lamk.),Sonneratia alba J. Smith,73.19245379
291,Phoenix paludosa Roxb.,Sonneratia alba J. Smith,100
292,Aegialitis rotundifolia Roxb.,Sonneratia alba J. Smith,73.19245379
293,Aegiceras corniculatum (L.) Blanco,Sonneratia alba J. Smith,53.08679414
294,Acrostichum aureum L.,Sonneratia alba J. Smith,100
295,Bruguiera cylindrica (L.) Blume,Sonneratia alba J. Smith,73.19245379
296,Bruguiera gymnorrhiza (L.) Savigny,Sonneratia alba J. Smith,73.19245379
297,Bruguiera sexangula (Lour.) Poir.,Sonneratia alba J. Smith,73.19245379
298,Bruguiera parviflora,Sonneratia alba J. Smith,73.19245379
299,Ceriops decandra (Griff) Ding Hou,Sonneratia alba J. Smith,73.19245379
300,Ceriops tagal (Perr. C. B. Roby),Sonneratia alba J. Smith,73.19245379
301,Kandelia candel Druce,Sonneratia alba J. Smith,73.19245379
302,Rhizophora apiculata Blume,Sonneratia alba J. Smith,73.19245379
303,Rhizophorata mucronata Lamk,Sonneratia alba J. Smith,73.19245379
304,Rhizophora annamalayana Kathiresan,Sonneratia alba J. Smith,73.19245379
305,Scyphiphora hydrophyllacea C. F. Gaertn,Sonneratia alba J. Smith,53.08679414
306,Brownlowia tersa (L.) Kosterm ,Sonneratia alba J. Smith,73.19245379
307,Acanthus ilicifolius Linnaeus,Sonneratia caeseolaris (L.) Engl.,73.19245379
308,Avicennia alba Blume,Sonneratia caeseolaris (L.) Engl.,73.19245379
309,Avicennia marina (Forsk.) Vierh,Sonneratia caeseolaris (L.) Engl.,73.19245379
310,Avicennia officinalis L.,Sonneratia caeseolaris (L.) Engl.,73.19245379
311,Nypa fruticans (Thunb.) Wurmb. ,Sonneratia caeseolaris (L.) Engl.,73.19245379
312,Lumnitzera racemosa Willd.,Sonneratia caeseolaris (L.) Engl.,31.43454528
313,Exocoecaria agallocha L.,Sonneratia caeseolaris (L.) Engl.,53.08679414
314,Cynometra ramiflora L.,Sonneratia caeseolaris (L.) Engl.,53.08679414
315,Sonneratia alba J. Smith,Sonneratia caeseolaris (L.) Engl.,37.84594759
316,Sonneratia caeseolaris (L.) Engl.,Sonneratia caeseolaris (L.) Engl.,0
317,sonneratia apetala Buch. - Ham,Sonneratia caeseolaris (L.) Engl.,17.74028793
318,Sonneratia griffithi Kurz ,Sonneratia caeseolaris (L.) Engl.,17.74028793
319,Heritiera globosa Kostermans,Sonneratia caeseolaris (L.) Engl.,73.19245379
320,Heritiera fomes Buch.-Ham,Sonneratia caeseolaris (L.) Engl.,73.19245379
321,Heritiera littoralis Dryand,Sonneratia caeseolaris (L.) Engl.,73.19245379
322,Xylocarpus granatum J. Konig,Sonneratia caeseolaris (L.) Engl.,53.08679414
323,Xylocarpus mekongensis Pierre. ,Sonneratia caeseolaris (L.) Engl.,53.08679414
324,Xylocarpus moluccensis (Lamk.),Sonneratia caeseolaris (L.) Engl.,53.08679414
325,Phoenix paludosa Roxb.,Sonneratia caeseolaris (L.) Engl.,100
326,Aegialitis rotundifolia Roxb.,Sonneratia caeseolaris (L.) Engl.,73.19245379
327,Aegiceras corniculatum (L.) Blanco,Sonneratia caeseolaris (L.) Engl.,73.19245379
328,Acrostichum aureum L.,Sonneratia caeseolaris (L.) Engl.,100
329,Bruguiera cylindrica (L.) Blume,Sonneratia caeseolaris (L.) Engl.,53.08679414
330,Bruguiera gymnorrhiza (L.) Savigny,Sonneratia caeseolaris (L.) Engl.,53.08679414
331,Bruguiera sexangula (Lour.) Poir.,Sonneratia caeseolaris (L.) Engl.,53.08679414
332,Bruguiera parviflora,Sonneratia caeseolaris (L.) Engl.,53.08679414
333,Ceriops decandra (Griff) Ding Hou,Sonneratia caeseolaris (L.) Engl.,53.08679414
334,Ceriops tagal (Perr. C. B. Roby),Sonneratia caeseolaris (L.) Engl.,53.08679414
335,Kandelia candel Druce,Sonneratia caeseolaris (L.) Engl.,53.08679414
336,Rhizophora apiculata Blume,Sonneratia caeseolaris (L.) Engl.,53.08679414
337,Rhizophorata mucronata Lamk,Sonneratia caeseolaris (L.) Engl.,53.08679414
338,Rhizophora annamalayana Kathiresan,Sonneratia caeseolaris (L.) Engl.,53.08679414
339,Scyphiphora hydrophyllacea C. F. Gaertn,Sonneratia caeseolaris (L.) Engl.,73.19245379
340,Brownlowia tersa (L.) Kosterm ,Sonneratia caeseolaris (L.) Engl.,73.19245379
341,Acanthus ilicifolius Linnaeus,sonneratia apetala Buch. - Ham,73.19245379
342,Avicennia alba Blume,sonneratia apetala Buch. - Ham,73.19245379
343,Avicennia marina (Forsk.) Vierh,sonneratia apetala Buch. - Ham,73.19245379
344,Avicennia officinalis L.,sonneratia apetala Buch. - Ham,73.19245379
345,Nypa fruticans (Thunb.) Wurmb. ,sonneratia apetala Buch. - Ham,73.19245379
346,Lumnitzera racemosa Willd.,sonneratia apetala Buch. - Ham,31.43454528
347,Exocoecaria agallocha L.,sonneratia apetala Buch. - Ham,53.08679414
348,Cynometra ramiflora L.,sonneratia apetala Buch. - Ham,53.08679414
349,Sonneratia alba J. Smith,sonneratia apetala Buch. - Ham,37.84594759
350,Sonneratia caeseolaris (L.) Engl.,sonneratia apetala Buch. - Ham,17.74028793
351,sonneratia apetala Buch. - Ham,sonneratia apetala Buch. - Ham,0
352,Sonneratia griffithi Kurz ,sonneratia apetala Buch. - Ham,17.74028793
353,Heritiera globosa Kostermans,sonneratia apetala Buch. - Ham,73.19245379
354,Heritiera fomes Buch.-Ham,sonneratia apetala Buch. - Ham,73.19245379
355,Heritiera littoralis Dryand,sonneratia apetala Buch. - Ham,73.19245379
356,Xylocarpus granatum J. Konig,sonneratia apetala Buch. - Ham,53.08679414
357,Xylocarpus mekongensis Pierre. ,sonneratia apetala Buch. - Ham,53.08679414
358,Xylocarpus moluccensis (Lamk.),sonneratia apetala Buch. - Ham,53.08679414
359,Phoenix paludosa Roxb.,sonneratia apetala Buch. - Ham,100
360,Aegialitis rotundifolia Roxb.,sonneratia apetala Buch. - Ham,73.19245379
361,Aegiceras corniculatum (L.) Blanco,sonneratia apetala Buch. - Ham,73.19245379
362,Acrostichum aureum L.,sonneratia apetala Buch. - Ham,100
363,Bruguiera cylindrica (L.) Blume,sonneratia apetala Buch. - Ham,53.08679414
364,Bruguiera gymnorrhiza (L.) Savigny,sonneratia apetala Buch. - Ham,53.08679414
365,Bruguiera sexangula (Lour.) Poir.,sonneratia apetala Buch. - Ham,53.08679414
366,Bruguiera parviflora,sonneratia apetala Buch. - Ham,53.08679414
367,Ceriops decandra (Griff) Ding Hou,sonneratia apetala Buch. - Ham,53.08679414
368,Ceriops tagal (Perr. C. B. Roby),sonneratia apetala Buch. - Ham,53.08679414
369,Kandelia candel Druce,sonneratia apetala Buch. - Ham,53.08679414
370,Rhizophora apiculata Blume,sonneratia apetala Buch. - Ham,53.08679414
371,Rhizophorata mucronata Lamk,sonneratia apetala Buch. - Ham,53.08679414
372,Rhizophora annamalayana Kathiresan,sonneratia apetala Buch. - Ham,53.08679414
373,Scyphiphora hydrophyllacea C. F. Gaertn,sonneratia apetala Buch. - Ham,73.19245379
374,Brownlowia tersa (L.) Kosterm ,sonneratia apetala Buch. - Ham,73.19245379
375,Acanthus ilicifolius Linnaeus,Sonneratia griffithi Kurz ,73.19245379
376,Avicennia alba Blume,Sonneratia griffithi Kurz ,73.19245379
377,Avicennia marina (Forsk.) Vierh,Sonneratia griffithi Kurz ,73.19245379
378,Avicennia officinalis L.,Sonneratia griffithi Kurz ,73.19245379
379,Nypa fruticans (Thunb.) Wurmb. ,Sonneratia griffithi Kurz ,73.19245379
380,Lumnitzera racemosa Willd.,Sonneratia griffithi Kurz ,31.43454528
381,Exocoecaria agallocha L.,Sonneratia griffithi Kurz ,53.08679414
382,Cynometra ramiflora L.,Sonneratia griffithi Kurz ,53.08679414
383,Sonneratia alba J. Smith,Sonneratia griffithi Kurz ,37.84594759
384,Sonneratia caeseolaris (L.) Engl.,Sonneratia griffithi Kurz ,17.74028793
385,sonneratia apetala Buch. - Ham,Sonneratia griffithi Kurz ,17.74028793
386,Sonneratia griffithi Kurz ,Sonneratia griffithi Kurz ,0
387,Heritiera globosa Kostermans,Sonneratia griffithi Kurz ,73.19245379
388,Heritiera fomes Buch.-Ham,Sonneratia griffithi Kurz ,73.19245379
389,Heritiera littoralis Dryand,Sonneratia griffithi Kurz ,73.19245379
390,Xylocarpus granatum J. Konig,Sonneratia griffithi Kurz ,53.08679414
391,Xylocarpus mekongensis Pierre. ,Sonneratia griffithi Kurz ,53.08679414
392,Xylocarpus moluccensis (Lamk.),Sonneratia griffithi Kurz ,53.08679414
393,Phoenix paludosa Roxb.,Sonneratia griffithi Kurz ,100
394,Aegialitis rotundifolia Roxb.,Sonneratia griffithi Kurz ,73.19245379
395,Aegiceras corniculatum (L.) Blanco,Sonneratia griffithi Kurz ,73.19245379
396,Acrostichum aureum L.,Sonneratia griffithi Kurz ,100
397,Bruguiera cylindrica (L.) Blume,Sonneratia griffithi Kurz ,53.08679414
398,Bruguiera gymnorrhiza (L.) Savigny,Sonneratia griffithi Kurz ,53.08679414
399,Bruguiera sexangula (Lour.) Poir.,Sonneratia griffithi Kurz ,53.08679414
400,Bruguiera parviflora,Sonneratia griffithi Kurz ,53.08679414
401,Ceriops decandra (Griff) Ding Hou,Sonneratia griffithi Kurz ,53.08679414
402,Ceriops tagal (Perr. C. B. Roby),Sonneratia griffithi Kurz ,53.08679414
403,Kandelia candel Druce,Sonneratia griffithi Kurz ,53.08679414
404,Rhizophora apiculata Blume,Sonneratia griffithi Kurz ,53.08679414
405,Rhizophorata mucronata Lamk,Sonneratia griffithi Kurz ,53.08679414
406,Rhizophora annamalayana Kathiresan,Sonneratia griffithi Kurz ,53.08679414
407,Scyphiphora hydrophyllacea C. F. Gaertn,Sonneratia griffithi Kurz ,73.19245379
408,Brownlowia tersa (L.) Kosterm ,Sonneratia griffithi Kurz ,73.19245379
409,Acanthus ilicifolius Linnaeus,Heritiera globosa Kostermans,73.19245379
410,Avicennia alba Blume,Heritiera globosa Kostermans,73.19245379
411,Avicennia marina (Forsk.) Vierh,Heritiera globosa Kostermans,73.19245379
412,Avicennia officinalis L.,Heritiera globosa Kostermans,73.19245379
413,Nypa fruticans (Thunb.) Wurmb. ,Heritiera globosa Kostermans,73.19245379
414,Lumnitzera racemosa Willd.,Heritiera globosa Kostermans,73.19245379
415,Exocoecaria agallocha L.,Heritiera globosa Kostermans,73.19245379
416,Cynometra ramiflora L.,Heritiera globosa Kostermans,73.19245379
417,Sonneratia alba J. Smith,Heritiera globosa Kostermans,73.19245379
418,Sonneratia caeseolaris (L.) Engl.,Heritiera globosa Kostermans,73.19245379
419,sonneratia apetala Buch. - Ham,Heritiera globosa Kostermans,73.19245379
420,Sonneratia griffithi Kurz ,Heritiera globosa Kostermans,73.19245379
421,Heritiera globosa Kostermans,Heritiera globosa Kostermans,0
422,Heritiera fomes Buch.-Ham,Heritiera globosa Kostermans,27.20177483
423,Heritiera littoralis Dryand,Heritiera globosa Kostermans,27.20177483
424,Xylocarpus granatum J. Konig,Heritiera globosa Kostermans,73.19245379
425,Xylocarpus mekongensis Pierre. ,Heritiera globosa Kostermans,73.19245379
426,Xylocarpus moluccensis (Lamk.),Heritiera globosa Kostermans,73.19245379
427,Phoenix paludosa Roxb.,Heritiera globosa Kostermans,100
428,Aegialitis rotundifolia Roxb.,Heritiera globosa Kostermans,73.19245379
429,Aegiceras corniculatum (L.) Blanco,Heritiera globosa Kostermans,73.19245379
430,Acrostichum aureum L.,Heritiera globosa Kostermans,100
431,Bruguiera cylindrica (L.) Blume,Heritiera globosa Kostermans,73.19245379
432,Bruguiera gymnorrhiza (L.) Savigny,Heritiera globosa Kostermans,73.19245379
433,Bruguiera sexangula (Lour.) Poir.,Heritiera globosa Kostermans,73.19245379
434,Bruguiera parviflora,Heritiera globosa Kostermans,73.19245379
435,Ceriops decandra (Griff) Ding Hou,Heritiera globosa Kostermans,73.19245379
436,Ceriops tagal (Perr. C. B. Roby),Heritiera globosa Kostermans,73.19245379
437,Kandelia candel Druce,Heritiera globosa Kostermans,73.19245379
438,Rhizophora apiculata Blume,Heritiera globosa Kostermans,73.19245379
439,Rhizophorata mucronata Lamk,Heritiera globosa Kostermans,73.19245379
440,Rhizophora annamalayana Kathiresan,Heritiera globosa Kostermans,73.19245379
441,Scyphiphora hydrophyllacea C. F. Gaertn,Heritiera globosa Kostermans,73.19245379
442,Brownlowia tersa (L.) Kosterm ,Heritiera globosa Kostermans,31.43454528
443,Acanthus ilicifolius Linnaeus,Heritiera fomes Buch.-Ham,73.19245379
444,Avicennia alba Blume,Heritiera fomes Buch.-Ham,73.19245379
445,Avicennia marina (Forsk.) Vierh,Heritiera fomes Buch.-Ham,73.19245379
446,Avicennia officinalis L.,Heritiera fomes Buch.-Ham,73.19245379
447,Nypa fruticans (Thunb.) Wurmb. ,Heritiera fomes Buch.-Ham,73.19245379
448,Lumnitzera racemosa Willd.,Heritiera fomes Buch.-Ham,73.19245379
449,Exocoecaria agallocha L.,Heritiera fomes Buch.-Ham,73.19245379
450,Cynometra ramiflora L.,Heritiera fomes Buch.-Ham,73.19245379
451,Sonneratia alba J. Smith,Heritiera fomes Buch.-Ham,73.19245379
452,Sonneratia caeseolaris (L.) Engl.,Heritiera fomes Buch.-Ham,73.19245379
453,sonneratia apetala Buch. - Ham,Heritiera fomes Buch.-Ham,73.19245379
454,Sonneratia griffithi Kurz ,Heritiera fomes Buch.-Ham,73.19245379
455,Heritiera globosa Kostermans,Heritiera fomes Buch.-Ham,27.20177483
456,Heritiera fomes Buch.-Ham,Heritiera fomes Buch.-Ham,0
457,Heritiera littoralis Dryand,Heritiera fomes Buch.-Ham,17.74028793
458,Xylocarpus granatum J. Konig,Heritiera fomes Buch.-Ham,73.19245379
459,Xylocarpus mekongensis Pierre. ,Heritiera fomes Buch.-Ham,73.19245379
460,Xylocarpus moluccensis (Lamk.),Heritiera fomes Buch.-Ham,73.19245379
461,Phoenix paludosa Roxb.,Heritiera fomes Buch.-Ham,100
462,Aegialitis rotundifolia Roxb.,Heritiera fomes Buch.-Ham,73.19245379
463,Aegiceras corniculatum (L.) Blanco,Heritiera fomes Buch.-Ham,73.19245379
464,Acrostichum aureum L.,Heritiera fomes Buch.-Ham,100
465,Bruguiera cylindrica (L.) Blume,Heritiera fomes Buch.-Ham,73.19245379
466,Bruguiera gymnorrhiza (L.) Savigny,Heritiera fomes Buch.-Ham,73.19245379
467,Bruguiera sexangula (Lour.) Poir.,Heritiera fomes Buch.-Ham,73.19245379
468,Bruguiera parviflora,Heritiera fomes Buch.-Ham,73.19245379
469,Ceriops decandra (Griff) Ding Hou,Heritiera fomes Buch.-Ham,73.19245379
470,Ceriops tagal (Perr. C. B. Roby),Heritiera fomes Buch.-Ham,73.19245379
471,Kandelia candel Druce,Heritiera fomes Buch.-Ham,73.19245379
472,Rhizophora apiculata Blume,Heritiera fomes Buch.-Ham,73.19245379
473,Rhizophorata mucronata Lamk,Heritiera fomes Buch.-Ham,73.19245379
474,Rhizophora annamalayana Kathiresan,Heritiera fomes Buch.-Ham,73.19245379
475,Scyphiphora hydrophyllacea C. F. Gaertn,Heritiera fomes Buch.-Ham,73.19245379
476,Brownlowia tersa (L.) Kosterm ,Heritiera fomes Buch.-Ham,31.43454528
477,Acanthus ilicifolius Linnaeus,Heritiera littoralis Dryand,73.19245379
478,Avicennia alba Blume,Heritiera littoralis Dryand,73.19245379
479,Avicennia marina (Forsk.) Vierh,Heritiera littoralis Dryand,73.19245379
480,Avicennia officinalis L.,Heritiera littoralis Dryand,73.19245379
481,Nypa fruticans (Thunb.) Wurmb. ,Heritiera littoralis Dryand,73.19245379
482,Lumnitzera racemosa Willd.,Heritiera littoralis Dryand,73.19245379
483,Exocoecaria agallocha L.,Heritiera littoralis Dryand,73.19245379
484,Cynometra ramiflora L.,Heritiera littoralis Dryand,73.19245379
485,Sonneratia alba J. Smith,Heritiera littoralis Dryand,73.19245379
486,Sonneratia caeseolaris (L.) Engl.,Heritiera littoralis Dryand,73.19245379
487,sonneratia apetala Buch. - Ham,Heritiera littoralis Dryand,73.19245379
488,Sonneratia griffithi Kurz ,Heritiera littoralis Dryand,73.19245379
489,Heritiera globosa Kostermans,Heritiera littoralis Dryand,27.20177483
490,Heritiera fomes Buch.-Ham,Heritiera littoralis Dryand,17.74028793
491,Heritiera littoralis Dryand,Heritiera littoralis Dryand,0
492,Xylocarpus granatum J. Konig,Heritiera littoralis Dryand,73.19245379
493,Xylocarpus mekongensis Pierre. ,Heritiera littoralis Dryand,73.19245379
494,Xylocarpus moluccensis (Lamk.),Heritiera littoralis Dryand,73.19245379
495,Phoenix paludosa Roxb.,Heritiera littoralis Dryand,100
496,Aegialitis rotundifolia Roxb.,Heritiera littoralis Dryand,73.19245379
497,Aegiceras corniculatum (L.) Blanco,Heritiera littoralis Dryand,73.19245379
498,Acrostichum aureum L.,Heritiera littoralis Dryand,100
499,Bruguiera cylindrica (L.) Blume,Heritiera littoralis Dryand,73.19245379
500,Bruguiera gymnorrhiza (L.) Savigny,Heritiera littoralis Dryand,73.19245379
501,Bruguiera sexangula (Lour.) Poir.,Heritiera littoralis Dryand,73.19245379
502,Bruguiera parviflora,Heritiera littoralis Dryand,73.19245379
503,Ceriops decandra (Griff) Ding Hou,Heritiera littoralis Dryand,73.19245379
504,Ceriops tagal (Perr. C. B. Roby),Heritiera littoralis Dryand,73.19245379
505,Kandelia candel Druce,Heritiera littoralis Dryand,73.19245379
506,Rhizophora apiculata Blume,Heritiera littoralis Dryand,73.19245379
507,Rhizophorata mucronata Lamk,Heritiera littoralis Dryand,73.19245379
508,Rhizophora annamalayana Kathiresan,Heritiera littoralis Dryand,73.19245379
509,Scyphiphora hydrophyllacea C. F. Gaertn,Heritiera littoralis Dryand,73.19245379
510,Brownlowia tersa (L.) Kosterm ,Heritiera littoralis Dryand,31.43454528
511,Acanthus ilicifolius Linnaeus,Xylocarpus granatum J. Konig,73.19245379
512,Avicennia alba Blume,Xylocarpus granatum J. Konig,73.19245379
513,Avicennia marina (Forsk.) Vierh,Xylocarpus granatum J. Konig,73.19245379
514,Avicennia officinalis L.,Xylocarpus granatum J. Konig,73.19245379
515,Nypa fruticans (Thunb.) Wurmb. ,Xylocarpus granatum J. Konig,73.19245379
516,Lumnitzera racemosa Willd.,Xylocarpus granatum J. Konig,53.08679414
517,Exocoecaria agallocha L.,Xylocarpus granatum J. Konig,53.08679414
518,Cynometra ramiflora L.,Xylocarpus granatum J. Konig,53.08679414
519,Sonneratia alba J. Smith,Xylocarpus granatum J. Konig,73.19245379
520,Sonneratia caeseolaris (L.) Engl.,Xylocarpus granatum J. Konig,53.08679414
521,sonneratia apetala Buch. - Ham,Xylocarpus granatum J. Konig,53.08679414
522,Sonneratia griffithi Kurz ,Xylocarpus granatum J. Konig,53.08679414
523,Heritiera globosa Kostermans,Xylocarpus granatum J. Konig,73.19245379
524,Heritiera fomes Buch.-Ham,Xylocarpus granatum J. Konig,73.19245379
525,Heritiera littoralis Dryand,Xylocarpus granatum J. Konig,73.19245379
526,Xylocarpus granatum J. Konig,Xylocarpus granatum J. Konig,0
527,Xylocarpus mekongensis Pierre. ,Xylocarpus granatum J. Konig,17.74028793
528,Xylocarpus moluccensis (Lamk.),Xylocarpus granatum J. Konig,17.74028793
529,Phoenix paludosa Roxb.,Xylocarpus granatum J. Konig,100
530,Aegialitis rotundifolia Roxb.,Xylocarpus granatum J. Konig,73.19245379
531,Aegiceras corniculatum (L.) Blanco,Xylocarpus granatum J. Konig,73.19245379
532,Acrostichum aureum L.,Xylocarpus granatum J. Konig,100
533,Bruguiera cylindrica (L.) Blume,Xylocarpus granatum J. Konig,53.08679414
534,Bruguiera gymnorrhiza (L.) Savigny,Xylocarpus granatum J. Konig,53.08679414
535,Bruguiera sexangula (Lour.) Poir.,Xylocarpus granatum J. Konig,53.08679414
536,Bruguiera parviflora,Xylocarpus granatum J. Konig,53.08679414
537,Ceriops decandra (Griff) Ding Hou,Xylocarpus granatum J. Konig,53.08679414
538,Ceriops tagal (Perr. C. B. Roby),Xylocarpus granatum J. Konig,53.08679414
539,Kandelia candel Druce,Xylocarpus granatum J. Konig,53.08679414
540,Rhizophora apiculata Blume,Xylocarpus granatum J. Konig,53.08679414
541,Rhizophorata mucronata Lamk,Xylocarpus granatum J. Konig,53.08679414
542,Rhizophora annamalayana Kathiresan,Xylocarpus granatum J. Konig,53.08679414
543,Scyphiphora hydrophyllacea C. F. Gaertn,Xylocarpus granatum J. Konig,73.19245379
544,Brownlowia tersa (L.) Kosterm ,Xylocarpus granatum J. Konig,73.19245379
545,Acanthus ilicifolius Linnaeus,Xylocarpus mekongensis Pierre. ,73.19245379
546,Avicennia alba Blume,Xylocarpus mekongensis Pierre. ,73.19245379
547,Avicennia marina (Forsk.) Vierh,Xylocarpus mekongensis Pierre. ,73.19245379
548,Avicennia officinalis L.,Xylocarpus mekongensis Pierre. ,73.19245379
549,Nypa fruticans (Thunb.) Wurmb. ,Xylocarpus mekongensis Pierre. ,73.19245379
550,Lumnitzera racemosa Willd.,Xylocarpus mekongensis Pierre. ,53.08679414
551,Exocoecaria agallocha L.,Xylocarpus mekongensis Pierre. ,53.08679414
552,Cynometra ramiflora L.,Xylocarpus mekongensis Pierre. ,53.08679414
553,Sonneratia alba J. Smith,Xylocarpus mekongensis Pierre. ,73.19245379
554,Sonneratia caeseolaris (L.) Engl.,Xylocarpus mekongensis Pierre. ,53.08679414
555,sonneratia apetala Buch. - Ham,Xylocarpus mekongensis Pierre. ,53.08679414
556,Sonneratia griffithi Kurz ,Xylocarpus mekongensis Pierre. ,53.08679414
557,Heritiera globosa Kostermans,Xylocarpus mekongensis Pierre. ,73.19245379
558,Heritiera fomes Buch.-Ham,Xylocarpus mekongensis Pierre. ,73.19245379
559,Heritiera littoralis Dryand,Xylocarpus mekongensis Pierre. ,73.19245379
560,Xylocarpus granatum J. Konig,Xylocarpus mekongensis Pierre. ,17.74028793
561,Xylocarpus mekongensis Pierre. ,Xylocarpus mekongensis Pierre. ,0
562,Xylocarpus moluccensis (Lamk.),Xylocarpus mekongensis Pierre. ,17.74028793
563,Phoenix paludosa Roxb.,Xylocarpus mekongensis Pierre. ,100
564,Aegialitis rotundifolia Roxb.,Xylocarpus mekongensis Pierre. ,73.19245379
565,Aegiceras corniculatum (L.) Blanco,Xylocarpus mekongensis Pierre. ,73.19245379
566,Acrostichum aureum L.,Xylocarpus mekongensis Pierre. ,100
567,Bruguiera cylindrica (L.) Blume,Xylocarpus mekongensis Pierre. ,53.08679414
568,Bruguiera gymnorrhiza (L.) Savigny,Xylocarpus mekongensis Pierre. ,53.08679414
569,Bruguiera sexangula (Lour.) Poir.,Xylocarpus mekongensis Pierre. ,53.08679414
570,Bruguiera parviflora,Xylocarpus mekongensis Pierre. ,53.08679414
571,Ceriops decandra (Griff) Ding Hou,Xylocarpus mekongensis Pierre. ,53.08679414
572,Ceriops tagal (Perr. C. B. Roby),Xylocarpus mekongensis Pierre. ,53.08679414
573,Kandelia candel Druce,Xylocarpus mekongensis Pierre. ,53.08679414
574,Rhizophora apiculata Blume,Xylocarpus mekongensis Pierre. ,53.08679414
575,Rhizophorata mucronata Lamk,Xylocarpus mekongensis Pierre. ,53.08679414
576,Rhizophora annamalayana Kathiresan,Xylocarpus mekongensis Pierre. ,53.08679414
577,Scyphiphora hydrophyllacea C. F. Gaertn,Xylocarpus mekongensis Pierre. ,73.19245379
578,Brownlowia tersa (L.) Kosterm ,Xylocarpus mekongensis Pierre. ,73.19245379
579,Acanthus ilicifolius Linnaeus,Xylocarpus moluccensis (Lamk.),73.19245379
580,Avicennia alba Blume,Xylocarpus moluccensis (Lamk.),73.19245379
581,Avicennia marina (Forsk.) Vierh,Xylocarpus moluccensis (Lamk.),73.19245379
582,Avicennia officinalis L.,Xylocarpus moluccensis (Lamk.),73.19245379
583,Nypa fruticans (Thunb.) Wurmb. ,Xylocarpus moluccensis (Lamk.),73.19245379
584,Lumnitzera racemosa Willd.,Xylocarpus moluccensis (Lamk.),53.08679414
585,Exocoecaria agallocha L.,Xylocarpus moluccensis (Lamk.),53.08679414
586,Cynometra ramiflora L.,Xylocarpus moluccensis (Lamk.),53.08679414
587,Sonneratia alba J. Smith,Xylocarpus moluccensis (Lamk.),73.19245379
588,Sonneratia caeseolaris (L.) Engl.,Xylocarpus moluccensis (Lamk.),53.08679414
589,sonneratia apetala Buch. - Ham,Xylocarpus moluccensis (Lamk.),53.08679414
590,Sonneratia griffithi Kurz ,Xylocarpus moluccensis (Lamk.),53.08679414
591,Heritiera globosa Kostermans,Xylocarpus moluccensis (Lamk.),73.19245379
592,Heritiera fomes Buch.-Ham,Xylocarpus moluccensis (Lamk.),73.19245379
593,Heritiera littoralis Dryand,Xylocarpus moluccensis (Lamk.),73.19245379
594,Xylocarpus granatum J. Konig,Xylocarpus moluccensis (Lamk.),17.74028793
595,Xylocarpus mekongensis Pierre. ,Xylocarpus moluccensis (Lamk.),17.74028793
596,Xylocarpus moluccensis (Lamk.),Xylocarpus moluccensis (Lamk.),0
597,Phoenix paludosa Roxb.,Xylocarpus moluccensis (Lamk.),100
598,Aegialitis rotundifolia Roxb.,Xylocarpus moluccensis (Lamk.),73.19245379
599,Aegiceras corniculatum (L.) Blanco,Xylocarpus moluccensis (Lamk.),73.19245379
600,Acrostichum aureum L.,Xylocarpus moluccensis (Lamk.),100
601,Bruguiera cylindrica (L.) Blume,Xylocarpus moluccensis (Lamk.),53.08679414
602,Bruguiera gymnorrhiza (L.) Savigny,Xylocarpus moluccensis (Lamk.),53.08679414
603,Bruguiera sexangula (Lour.) Poir.,Xylocarpus moluccensis (Lamk.),53.08679414
604,Bruguiera parviflora,Xylocarpus moluccensis (Lamk.),53.08679414
605,Ceriops decandra (Griff) Ding Hou,Xylocarpus moluccensis (Lamk.),53.08679414
606,Ceriops tagal (Perr. C. B. Roby),Xylocarpus moluccensis (Lamk.),53.08679414
607,Kandelia candel Druce,Xylocarpus moluccensis (Lamk.),53.08679414
608,Rhizophora apiculata Blume,Xylocarpus moluccensis (Lamk.),53.08679414
609,Rhizophorata mucronata Lamk,Xylocarpus moluccensis (Lamk.),53.08679414
610,Rhizophora annamalayana Kathiresan,Xylocarpus moluccensis (Lamk.),53.08679414
611,Scyphiphora hydrophyllacea C. F. Gaertn,Xylocarpus moluccensis (Lamk.),73.19245379
612,Brownlowia tersa (L.) Kosterm ,Xylocarpus moluccensis (Lamk.),73.19245379
613,Acanthus ilicifolius Linnaeus,Phoenix paludosa Roxb.,100
614,Avicennia alba Blume,Phoenix paludosa Roxb.,100
615,Avicennia marina (Forsk.) Vierh,Phoenix paludosa Roxb.,100
616,Avicennia officinalis L.,Phoenix paludosa Roxb.,100
617,Nypa fruticans (Thunb.) Wurmb. ,Phoenix paludosa Roxb.,79.89434035
618,Lumnitzera racemosa Willd.,Phoenix paludosa Roxb.,100
619,Exocoecaria agallocha L.,Phoenix paludosa Roxb.,100
620,Cynometra ramiflora L.,Phoenix paludosa Roxb.,100
621,Sonneratia alba J. Smith,Phoenix paludosa Roxb.,100
622,Sonneratia caeseolaris (L.) Engl.,Phoenix paludosa Roxb.,100
623,sonneratia apetala Buch. - Ham,Phoenix paludosa Roxb.,100
624,Sonneratia griffithi Kurz ,Phoenix paludosa Roxb.,100
625,Heritiera globosa Kostermans,Phoenix paludosa Roxb.,100
626,Heritiera fomes Buch.-Ham,Phoenix paludosa Roxb.,100
627,Heritiera littoralis Dryand,Phoenix paludosa Roxb.,100
628,Xylocarpus granatum J. Konig,Phoenix paludosa Roxb.,100
629,Xylocarpus mekongensis Pierre. ,Phoenix paludosa Roxb.,100
630,Xylocarpus moluccensis (Lamk.),Phoenix paludosa Roxb.,100
631,Phoenix paludosa Roxb.,Phoenix paludosa Roxb.,0
632,Aegialitis rotundifolia Roxb.,Phoenix paludosa Roxb.,100
633,Aegiceras corniculatum (L.) Blanco,Phoenix paludosa Roxb.,100
634,Acrostichum aureum L.,Phoenix paludosa Roxb.,79.89434035
635,Bruguiera cylindrica (L.) Blume,Phoenix paludosa Roxb.,100
636,Bruguiera gymnorrhiza (L.) Savigny,Phoenix paludosa Roxb.,100
637,Bruguiera sexangula (Lour.) Poir.,Phoenix paludosa Roxb.,100
638,Bruguiera parviflora,Phoenix paludosa Roxb.,100
639,Ceriops decandra (Griff) Ding Hou,Phoenix paludosa Roxb.,100
640,Ceriops tagal (Perr. C. B. Roby),Phoenix paludosa Roxb.,100
641,Kandelia candel Druce,Phoenix paludosa Roxb.,100
642,Rhizophora apiculata Blume,Phoenix paludosa Roxb.,100
643,Rhizophorata mucronata Lamk,Phoenix paludosa Roxb.,100
644,Rhizophora annamalayana Kathiresan,Phoenix paludosa Roxb.,100
645,Scyphiphora hydrophyllacea C. F. Gaertn,Phoenix paludosa Roxb.,100
646,Brownlowia tersa (L.) Kosterm ,Phoenix paludosa Roxb.,100
647,Acanthus ilicifolius Linnaeus,Aegialitis rotundifolia Roxb.,73.19245379
648,Avicennia alba Blume,Aegialitis rotundifolia Roxb.,73.19245379
649,Avicennia marina (Forsk.) Vierh,Aegialitis rotundifolia Roxb.,73.19245379
650,Avicennia officinalis L.,Aegialitis rotundifolia Roxb.,73.19245379
651,Nypa fruticans (Thunb.) Wurmb. ,Aegialitis rotundifolia Roxb.,73.19245379
652,Lumnitzera racemosa Willd.,Aegialitis rotundifolia Roxb.,73.19245379
653,Exocoecaria agallocha L.,Aegialitis rotundifolia Roxb.,73.19245379
654,Cynometra ramiflora L.,Aegialitis rotundifolia Roxb.,73.19245379
655,Sonneratia alba J. Smith,Aegialitis rotundifolia Roxb.,73.19245379
656,Sonneratia caeseolaris (L.) Engl.,Aegialitis rotundifolia Roxb.,73.19245379
657,sonneratia apetala Buch. - Ham,Aegialitis rotundifolia Roxb.,73.19245379
658,Sonneratia griffithi Kurz ,Aegialitis rotundifolia Roxb.,73.19245379
659,Heritiera globosa Kostermans,Aegialitis rotundifolia Roxb.,73.19245379
660,Heritiera fomes Buch.-Ham,Aegialitis rotundifolia Roxb.,73.19245379
661,Heritiera littoralis Dryand,Aegialitis rotundifolia Roxb.,73.19245379
662,Xylocarpus granatum J. Konig,Aegialitis rotundifolia Roxb.,73.19245379
663,Xylocarpus mekongensis Pierre. ,Aegialitis rotundifolia Roxb.,73.19245379
664,Xylocarpus moluccensis (Lamk.),Aegialitis rotundifolia Roxb.,73.19245379
665,Phoenix paludosa Roxb.,Aegialitis rotundifolia Roxb.,100
666,Aegialitis rotundifolia Roxb.,Aegialitis rotundifolia Roxb.,0
667,Aegiceras corniculatum (L.) Blanco,Aegialitis rotundifolia Roxb.,73.19245379
668,Acrostichum aureum L.,Aegialitis rotundifolia Roxb.,100
669,Bruguiera cylindrica (L.) Blume,Aegialitis rotundifolia Roxb.,73.19245379
670,Bruguiera gymnorrhiza (L.) Savigny,Aegialitis rotundifolia Roxb.,73.19245379
671,Bruguiera sexangula (Lour.) Poir.,Aegialitis rotundifolia Roxb.,73.19245379
672,Bruguiera parviflora,Aegialitis rotundifolia Roxb.,73.19245379
673,Ceriops decandra (Griff) Ding Hou,Aegialitis rotundifolia Roxb.,73.19245379
674,Ceriops tagal (Perr. C. B. Roby),Aegialitis rotundifolia Roxb.,73.19245379
675,Kandelia candel Druce,Aegialitis rotundifolia Roxb.,73.19245379
676,Rhizophora apiculata Blume,Aegialitis rotundifolia Roxb.,73.19245379
677,Rhizophorata mucronata Lamk,Aegialitis rotundifolia Roxb.,73.19245379
678,Rhizophora annamalayana Kathiresan,Aegialitis rotundifolia Roxb.,73.19245379
679,Scyphiphora hydrophyllacea C. F. Gaertn,Aegialitis rotundifolia Roxb.,73.19245379
680,Brownlowia tersa (L.) Kosterm ,Aegialitis rotundifolia Roxb.,73.19245379
681,Acanthus ilicifolius Linnaeus,Aegiceras corniculatum (L.) Blanco,73.19245379
682,Avicennia alba Blume,Aegiceras corniculatum (L.) Blanco,73.19245379
683,Avicennia marina (Forsk.) Vierh,Aegiceras corniculatum (L.) Blanco,73.19245379
684,Avicennia officinalis L.,Aegiceras corniculatum (L.) Blanco,73.19245379
685,Nypa fruticans (Thunb.) Wurmb. ,Aegiceras corniculatum (L.) Blanco,73.19245379
686,Lumnitzera racemosa Willd.,Aegiceras corniculatum (L.) Blanco,73.19245379
687,Exocoecaria agallocha L.,Aegiceras corniculatum (L.) Blanco,73.19245379
688,Cynometra ramiflora L.,Aegiceras corniculatum (L.) Blanco,73.19245379
689,Sonneratia alba J. Smith,Aegiceras corniculatum (L.) Blanco,53.08679414
690,Sonneratia caeseolaris (L.) Engl.,Aegiceras corniculatum (L.) Blanco,73.19245379
691,sonneratia apetala Buch. - Ham,Aegiceras corniculatum (L.) Blanco,73.19245379
692,Sonneratia griffithi Kurz ,Aegiceras corniculatum (L.) Blanco,73.19245379
693,Heritiera globosa Kostermans,Aegiceras corniculatum (L.) Blanco,73.19245379
694,Heritiera fomes Buch.-Ham,Aegiceras corniculatum (L.) Blanco,73.19245379
695,Heritiera littoralis Dryand,Aegiceras corniculatum (L.) Blanco,73.19245379
696,Xylocarpus granatum J. Konig,Aegiceras corniculatum (L.) Blanco,73.19245379
697,Xylocarpus mekongensis Pierre. ,Aegiceras corniculatum (L.) Blanco,73.19245379
698,Xylocarpus moluccensis (Lamk.),Aegiceras corniculatum (L.) Blanco,73.19245379
699,Phoenix paludosa Roxb.,Aegiceras corniculatum (L.) Blanco,100
700,Aegialitis rotundifolia Roxb.,Aegiceras corniculatum (L.) Blanco,73.19245379
701,Aegiceras corniculatum (L.) Blanco,Aegiceras corniculatum (L.) Blanco,0
702,Acrostichum aureum L.,Aegiceras corniculatum (L.) Blanco,100
703,Bruguiera cylindrica (L.) Blume,Aegiceras corniculatum (L.) Blanco,73.19245379
704,Bruguiera gymnorrhiza (L.) Savigny,Aegiceras corniculatum (L.) Blanco,73.19245379
705,Bruguiera sexangula (Lour.) Poir.,Aegiceras corniculatum (L.) Blanco,73.19245379
706,Bruguiera parviflora,Aegiceras corniculatum (L.) Blanco,73.19245379
707,Ceriops decandra (Griff) Ding Hou,Aegiceras corniculatum (L.) Blanco,73.19245379
708,Ceriops tagal (Perr. C. B. Roby),Aegiceras corniculatum (L.) Blanco,73.19245379
709,Kandelia candel Druce,Aegiceras corniculatum (L.) Blanco,73.19245379
710,Rhizophora apiculata Blume,Aegiceras corniculatum (L.) Blanco,73.19245379
711,Rhizophorata mucronata Lamk,Aegiceras corniculatum (L.) Blanco,73.19245379
712,Rhizophora annamalayana Kathiresan,Aegiceras corniculatum (L.) Blanco,73.19245379
713,Scyphiphora hydrophyllacea C. F. Gaertn,Aegiceras corniculatum (L.) Blanco,53.08679414
714,Brownlowia tersa (L.) Kosterm ,Aegiceras corniculatum (L.) Blanco,73.19245379
715,Acanthus ilicifolius Linnaeus,Acrostichum aureum L.,100
716,Avicennia alba Blume,Acrostichum aureum L.,100
717,Avicennia marina (Forsk.) Vierh,Acrostichum aureum L.,100
718,Avicennia officinalis L.,Acrostichum aureum L.,100
719,Nypa fruticans (Thunb.) Wurmb. ,Acrostichum aureum L.,79.89434035
720,Lumnitzera racemosa Willd.,Acrostichum aureum L.,100
721,Exocoecaria agallocha L.,Acrostichum aureum L.,100
722,Cynometra ramiflora L.,Acrostichum aureum L.,100
723,Sonneratia alba J. Smith,Acrostichum aureum L.,100
724,Sonneratia caeseolaris (L.) Engl.,Acrostichum aureum L.,100
725,sonneratia apetala Buch. - Ham,Acrostichum aureum L.,100
726,Sonneratia griffithi Kurz ,Acrostichum aureum L.,100
727,Heritiera globosa Kostermans,Acrostichum aureum L.,100
728,Heritiera fomes Buch.-Ham,Acrostichum aureum L.,100
729,Heritiera littoralis Dryand,Acrostichum aureum L.,100
730,Xylocarpus granatum J. Konig,Acrostichum aureum L.,100
731,Xylocarpus mekongensis Pierre. ,Acrostichum aureum L.,100
732,Xylocarpus moluccensis (Lamk.),Acrostichum aureum L.,100
733,Phoenix paludosa Roxb.,Acrostichum aureum L.,79.89434035
734,Aegialitis rotundifolia Roxb.,Acrostichum aureum L.,100
735,Aegiceras corniculatum (L.) Blanco,Acrostichum aureum L.,100
736,Acrostichum aureum L.,Acrostichum aureum L.,0
737,Bruguiera cylindrica (L.) Blume,Acrostichum aureum L.,100
738,Bruguiera gymnorrhiza (L.) Savigny,Acrostichum aureum L.,100
739,Bruguiera sexangula (Lour.) Poir.,Acrostichum aureum L.,100
740,Bruguiera parviflora,Acrostichum aureum L.,100
741,Ceriops decandra (Griff) Ding Hou,Acrostichum aureum L.,100
742,Ceriops tagal (Perr. C. B. Roby),Acrostichum aureum L.,100
743,Kandelia candel Druce,Acrostichum aureum L.,100
744,Rhizophora apiculata Blume,Acrostichum aureum L.,100
745,Rhizophorata mucronata Lamk,Acrostichum aureum L.,100
746,Rhizophora annamalayana Kathiresan,Acrostichum aureum L.,100
747,Scyphiphora hydrophyllacea C. F. Gaertn,Acrostichum aureum L.,100
748,Brownlowia tersa (L.) Kosterm ,Acrostichum aureum L.,100
749,Acanthus ilicifolius Linnaeus,Bruguiera cylindrica (L.) Blume,73.19245379
750,Avicennia alba Blume,Bruguiera cylindrica (L.) Blume,73.19245379
751,Avicennia marina (Forsk.) Vierh,Bruguiera cylindrica (L.) Blume,73.19245379
752,Avicennia officinalis L.,Bruguiera cylindrica (L.) Blume,73.19245379
753,Nypa fruticans (Thunb.) Wurmb. ,Bruguiera cylindrica (L.) Blume,73.19245379
754,Lumnitzera racemosa Willd.,Bruguiera cylindrica (L.) Blume,53.08679414
755,Exocoecaria agallocha L.,Bruguiera cylindrica (L.) Blume,53.08679414
756,Cynometra ramiflora L.,Bruguiera cylindrica (L.) Blume,53.08679414
757,Sonneratia alba J. Smith,Bruguiera cylindrica (L.) Blume,73.19245379
758,Sonneratia caeseolaris (L.) Engl.,Bruguiera cylindrica (L.) Blume,53.08679414
759,sonneratia apetala Buch. - Ham,Bruguiera cylindrica (L.) Blume,53.08679414
760,Sonneratia griffithi Kurz ,Bruguiera cylindrica (L.) Blume,53.08679414
761,Heritiera globosa Kostermans,Bruguiera cylindrica (L.) Blume,73.19245379
762,Heritiera fomes Buch.-Ham,Bruguiera cylindrica (L.) Blume,73.19245379
763,Heritiera littoralis Dryand,Bruguiera cylindrica (L.) Blume,73.19245379
764,Xylocarpus granatum J. Konig,Bruguiera cylindrica (L.) Blume,53.08679414
765,Xylocarpus mekongensis Pierre. ,Bruguiera cylindrica (L.) Blume,53.08679414
766,Xylocarpus moluccensis (Lamk.),Bruguiera cylindrica (L.) Blume,53.08679414
767,Phoenix paludosa Roxb.,Bruguiera cylindrica (L.) Blume,100
768,Aegialitis rotundifolia Roxb.,Bruguiera cylindrica (L.) Blume,73.19245379
769,Aegiceras corniculatum (L.) Blanco,Bruguiera cylindrica (L.) Blume,73.19245379
770,Acrostichum aureum L.,Bruguiera cylindrica (L.) Blume,100
771,Bruguiera cylindrica (L.) Blume,Bruguiera cylindrica (L.) Blume,0
772,Bruguiera gymnorrhiza (L.) Savigny,Bruguiera cylindrica (L.) Blume,17.74028793
773,Bruguiera sexangula (Lour.) Poir.,Bruguiera cylindrica (L.) Blume,17.74028793
774,Bruguiera parviflora,Bruguiera cylindrica (L.) Blume,17.74028793
775,Ceriops decandra (Griff) Ding Hou,Bruguiera cylindrica (L.) Blume,31.43454528
776,Ceriops tagal (Perr. C. B. Roby),Bruguiera cylindrica (L.) Blume,31.43454528
777,Kandelia candel Druce,Bruguiera cylindrica (L.) Blume,31.43454528
778,Rhizophora apiculata Blume,Bruguiera cylindrica (L.) Blume,31.43454528
779,Rhizophorata mucronata Lamk,Bruguiera cylindrica (L.) Blume,31.43454528
780,Rhizophora annamalayana Kathiresan,Bruguiera cylindrica (L.) Blume,31.43454528
781,Scyphiphora hydrophyllacea C. F. Gaertn,Bruguiera cylindrica (L.) Blume,73.19245379
782,Brownlowia tersa (L.) Kosterm ,Bruguiera cylindrica (L.) Blume,73.19245379
783,Acanthus ilicifolius Linnaeus,Bruguiera gymnorrhiza (L.) Savigny,73.19245379
784,Avicennia alba Blume,Bruguiera gymnorrhiza (L.) Savigny,73.19245379
785,Avicennia marina (Forsk.) Vierh,Bruguiera gymnorrhiza (L.) Savigny,73.19245379
786,Avicennia officinalis L.,Bruguiera gymnorrhiza (L.) Savigny,73.19245379
787,Nypa fruticans (Thunb.) Wurmb. ,Bruguiera gymnorrhiza (L.) Savigny,73.19245379
788,Lumnitzera racemosa Willd.,Bruguiera gymnorrhiza (L.) Savigny,53.08679414
789,Exocoecaria agallocha L.,Bruguiera gymnorrhiza (L.) Savigny,53.08679414
790,Cynometra ramiflora L.,Bruguiera gymnorrhiza (L.) Savigny,53.08679414
791,Sonneratia alba J. Smith,Bruguiera gymnorrhiza (L.) Savigny,73.19245379
792,Sonneratia caeseolaris (L.) Engl.,Bruguiera gymnorrhiza (L.) Savigny,53.08679414
793,sonneratia apetala Buch. - Ham,Bruguiera gymnorrhiza (L.) Savigny,53.08679414
794,Sonneratia griffithi Kurz ,Bruguiera gymnorrhiza (L.) Savigny,53.08679414
795,Heritiera globosa Kostermans,Bruguiera gymnorrhiza (L.) Savigny,73.19245379
796,Heritiera fomes Buch.-Ham,Bruguiera gymnorrhiza (L.) Savigny,73.19245379
797,Heritiera littoralis Dryand,Bruguiera gymnorrhiza (L.) Savigny,73.19245379
798,Xylocarpus granatum J. Konig,Bruguiera gymnorrhiza (L.) Savigny,53.08679414
799,Xylocarpus mekongensis Pierre. ,Bruguiera gymnorrhiza (L.) Savigny,53.08679414
800,Xylocarpus moluccensis (Lamk.),Bruguiera gymnorrhiza (L.) Savigny,53.08679414
801,Phoenix paludosa Roxb.,Bruguiera gymnorrhiza (L.) Savigny,100
802,Aegialitis rotundifolia Roxb.,Bruguiera gymnorrhiza (L.) Savigny,73.19245379
803,Aegiceras corniculatum (L.) Blanco,Bruguiera gymnorrhiza (L.) Savigny,73.19245379
804,Acrostichum aureum L.,Bruguiera gymnorrhiza (L.) Savigny,100
805,Bruguiera cylindrica (L.) Blume,Bruguiera gymnorrhiza (L.) Savigny,17.74028793
806,Bruguiera gymnorrhiza (L.) Savigny,Bruguiera gymnorrhiza (L.) Savigny,0
807,Bruguiera sexangula (Lour.) Poir.,Bruguiera gymnorrhiza (L.) Savigny,17.74028793
808,Bruguiera parviflora,Bruguiera gymnorrhiza (L.) Savigny,17.74028793
809,Ceriops decandra (Griff) Ding Hou,Bruguiera gymnorrhiza (L.) Savigny,31.43454528
810,Ceriops tagal (Perr. C. B. Roby),Bruguiera gymnorrhiza (L.) Savigny,31.43454528
811,Kandelia candel Druce,Bruguiera gymnorrhiza (L.) Savigny,31.43454528
812,Rhizophora apiculata Blume,Bruguiera gymnorrhiza (L.) Savigny,31.43454528
813,Rhizophorata mucronata Lamk,Bruguiera gymnorrhiza (L.) Savigny,31.43454528
814,Rhizophora annamalayana Kathiresan,Bruguiera gymnorrhiza (L.) Savigny,31.43454528
815,Scyphiphora hydrophyllacea C. F. Gaertn,Bruguiera gymnorrhiza (L.) Savigny,73.19245379
816,Brownlowia tersa (L.) Kosterm ,Bruguiera gymnorrhiza (L.) Savigny,73.19245379
817,Acanthus ilicifolius Linnaeus,Bruguiera sexangula (Lour.) Poir.,73.19245379
818,Avicennia alba Blume,Bruguiera sexangula (Lour.) Poir.,73.19245379
819,Avicennia marina (Forsk.) Vierh,Bruguiera sexangula (Lour.) Poir.,73.19245379
820,Avicennia officinalis L.,Bruguiera sexangula (Lour.) Poir.,73.19245379
821,Nypa fruticans (Thunb.) Wurmb. ,Bruguiera sexangula (Lour.) Poir.,73.19245379
822,Lumnitzera racemosa Willd.,Bruguiera sexangula (Lour.) Poir.,53.08679414
823,Exocoecaria agallocha L.,Bruguiera sexangula (Lour.) Poir.,53.08679414
824,Cynometra ramiflora L.,Bruguiera sexangula (Lour.) Poir.,53.08679414
825,Sonneratia alba J. Smith,Bruguiera sexangula (Lour.) Poir.,73.19245379
826,Sonneratia caeseolaris (L.) Engl.,Bruguiera sexangula (Lour.) Poir.,53.08679414
827,sonneratia apetala Buch. - Ham,Bruguiera sexangula (Lour.) Poir.,53.08679414
828,Sonneratia griffithi Kurz ,Bruguiera sexangula (Lour.) Poir.,53.08679414
829,Heritiera globosa Kostermans,Bruguiera sexangula (Lour.) Poir.,73.19245379
830,Heritiera fomes Buch.-Ham,Bruguiera sexangula (Lour.) Poir.,73.19245379
831,Heritiera littoralis Dryand,Bruguiera sexangula (Lour.) Poir.,73.19245379
832,Xylocarpus granatum J. Konig,Bruguiera sexangula (Lour.) Poir.,53.08679414
833,Xylocarpus mekongensis Pierre. ,Bruguiera sexangula (Lour.) Poir.,53.08679414
834,Xylocarpus moluccensis (Lamk.),Bruguiera sexangula (Lour.) Poir.,53.08679414
835,Phoenix paludosa Roxb.,Bruguiera sexangula (Lour.) Poir.,100
836,Aegialitis rotundifolia Roxb.,Bruguiera sexangula (Lour.) Poir.,73.19245379
837,Aegiceras corniculatum (L.) Blanco,Bruguiera sexangula (Lour.) Poir.,73.19245379
838,Acrostichum aureum L.,Bruguiera sexangula (Lour.) Poir.,100
839,Bruguiera cylindrica (L.) Blume,Bruguiera sexangula (Lour.) Poir.,17.74028793
840,Bruguiera gymnorrhiza (L.) Savigny,Bruguiera sexangula (Lour.) Poir.,17.74028793
841,Bruguiera sexangula (Lour.) Poir.,Bruguiera sexangula (Lour.) Poir.,0
842,Bruguiera parviflora,Bruguiera sexangula (Lour.) Poir.,17.74028793
843,Ceriops decandra (Griff) Ding Hou,Bruguiera sexangula (Lour.) Poir.,31.43454528
844,Ceriops tagal (Perr. C. B. Roby),Bruguiera sexangula (Lour.) Poir.,31.43454528
845,Kandelia candel Druce,Bruguiera sexangula (Lour.) Poir.,31.43454528
846,Rhizophora apiculata Blume,Bruguiera sexangula (Lour.) Poir.,31.43454528
847,Rhizophorata mucronata Lamk,Bruguiera sexangula (Lour.) Poir.,31.43454528
848,Rhizophora annamalayana Kathiresan,Bruguiera sexangula (Lour.) Poir.,31.43454528
849,Scyphiphora hydrophyllacea C. F. Gaertn,Bruguiera sexangula (Lour.) Poir.,73.19245379
850,Brownlowia tersa (L.) Kosterm ,Bruguiera sexangula (Lour.) Poir.,73.19245379
851,Acanthus ilicifolius Linnaeus,Bruguiera parviflora,73.19245379
852,Avicennia alba Blume,Bruguiera parviflora,73.19245379
853,Avicennia marina (Forsk.) Vierh,Bruguiera parviflora,73.19245379
854,Avicennia officinalis L.,Bruguiera parviflora,73.19245379
855,Nypa fruticans (Thunb.) Wurmb. ,Bruguiera parviflora,73.19245379
856,Lumnitzera racemosa Willd.,Bruguiera parviflora,53.08679414
857,Exocoecaria agallocha L.,Bruguiera parviflora,53.08679414
858,Cynometra ramiflora L.,Bruguiera parviflora,53.08679414
859,Sonneratia alba J. Smith,Bruguiera parviflora,73.19245379
860,Sonneratia caeseolaris (L.) Engl.,Bruguiera parviflora,53.08679414
861,sonneratia apetala Buch. - Ham,Bruguiera parviflora,53.08679414
862,Sonneratia griffithi Kurz ,Bruguiera parviflora,53.08679414
863,Heritiera globosa Kostermans,Bruguiera parviflora,73.19245379
864,Heritiera fomes Buch.-Ham,Bruguiera parviflora,73.19245379
865,Heritiera littoralis Dryand,Bruguiera parviflora,73.19245379
866,Xylocarpus granatum J. Konig,Bruguiera parviflora,53.08679414
867,Xylocarpus mekongensis Pierre. ,Bruguiera parviflora,53.08679414
868,Xylocarpus moluccensis (Lamk.),Bruguiera parviflora,53.08679414
869,Phoenix paludosa Roxb.,Bruguiera parviflora,100
870,Aegialitis rotundifolia Roxb.,Bruguiera parviflora,73.19245379
871,Aegiceras corniculatum (L.) Blanco,Bruguiera parviflora,73.19245379
872,Acrostichum aureum L.,Bruguiera parviflora,100
873,Bruguiera cylindrica (L.) Blume,Bruguiera parviflora,17.74028793
874,Bruguiera gymnorrhiza (L.) Savigny,Bruguiera parviflora,17.74028793
875,Bruguiera sexangula (Lour.) Poir.,Bruguiera parviflora,17.74028793
876,Bruguiera parviflora,Bruguiera parviflora,0
877,Ceriops decandra (Griff) Ding Hou,Bruguiera parviflora,31.43454528
878,Ceriops tagal (Perr. C. B. Roby),Bruguiera parviflora,31.43454528
879,Kandelia candel Druce,Bruguiera parviflora,31.43454528
880,Rhizophora apiculata Blume,Bruguiera parviflora,31.43454528
881,Rhizophorata mucronata Lamk,Bruguiera parviflora,31.43454528
882,Rhizophora annamalayana Kathiresan,Bruguiera parviflora,31.43454528
883,Scyphiphora hydrophyllacea C. F. Gaertn,Bruguiera parviflora,73.19245379
884,Brownlowia tersa (L.) Kosterm ,Bruguiera parviflora,73.19245379
885,Acanthus ilicifolius Linnaeus,Ceriops decandra (Griff) Ding Hou,73.19245379
886,Avicennia alba Blume,Ceriops decandra (Griff) Ding Hou,73.19245379
887,Avicennia marina (Forsk.) Vierh,Ceriops decandra (Griff) Ding Hou,73.19245379
888,Avicennia officinalis L.,Ceriops decandra (Griff) Ding Hou,73.19245379
889,Nypa fruticans (Thunb.) Wurmb. ,Ceriops decandra (Griff) Ding Hou,73.19245379
890,Lumnitzera racemosa Willd.,Ceriops decandra (Griff) Ding Hou,53.08679414
891,Exocoecaria agallocha L.,Ceriops decandra (Griff) Ding Hou,53.08679414
892,Cynometra ramiflora L.,Ceriops decandra (Griff) Ding Hou,53.08679414
893,Sonneratia alba J. Smith,Ceriops decandra (Griff) Ding Hou,73.19245379
894,Sonneratia caeseolaris (L.) Engl.,Ceriops decandra (Griff) Ding Hou,53.08679414
895,sonneratia apetala Buch. - Ham,Ceriops decandra (Griff) Ding Hou,53.08679414
896,Sonneratia griffithi Kurz ,Ceriops decandra (Griff) Ding Hou,53.08679414
897,Heritiera globosa Kostermans,Ceriops decandra (Griff) Ding Hou,73.19245379
898,Heritiera fomes Buch.-Ham,Ceriops decandra (Griff) Ding Hou,73.19245379
899,Heritiera littoralis Dryand,Ceriops decandra (Griff) Ding Hou,73.19245379
900,Xylocarpus granatum J. Konig,Ceriops decandra (Griff) Ding Hou,53.08679414
901,Xylocarpus mekongensis Pierre. ,Ceriops decandra (Griff) Ding Hou,53.08679414
902,Xylocarpus moluccensis (Lamk.),Ceriops decandra (Griff) Ding Hou,53.08679414
903,Phoenix paludosa Roxb.,Ceriops decandra (Griff) Ding Hou,100
904,Aegialitis rotundifolia Roxb.,Ceriops decandra (Griff) Ding Hou,73.19245379
905,Aegiceras corniculatum (L.) Blanco,Ceriops decandra (Griff) Ding Hou,73.19245379
906,Acrostichum aureum L.,Ceriops decandra (Griff) Ding Hou,100
907,Bruguiera cylindrica (L.) Blume,Ceriops decandra (Griff) Ding Hou,31.43454528
908,Bruguiera gymnorrhiza (L.) Savigny,Ceriops decandra (Griff) Ding Hou,31.43454528
909,Bruguiera sexangula (Lour.) Poir.,Ceriops decandra (Griff) Ding Hou,31.43454528
910,Bruguiera parviflora,Ceriops decandra (Griff) Ding Hou,31.43454528
911,Ceriops decandra (Griff) Ding Hou,Ceriops decandra (Griff) Ding Hou,0
912,Ceriops tagal (Perr. C. B. Roby),Ceriops decandra (Griff) Ding Hou,17.74028793
913,Kandelia candel Druce,Ceriops decandra (Griff) Ding Hou,21.97305838
914,Rhizophora apiculata Blume,Ceriops decandra (Griff) Ding Hou,21.97305838
915,Rhizophorata mucronata Lamk,Ceriops decandra (Griff) Ding Hou,21.97305838
916,Rhizophora annamalayana Kathiresan,Ceriops decandra (Griff) Ding Hou,21.97305838
917,Scyphiphora hydrophyllacea C. F. Gaertn,Ceriops decandra (Griff) Ding Hou,73.19245379
918,Brownlowia tersa (L.) Kosterm ,Ceriops decandra (Griff) Ding Hou,73.19245379
919,Acanthus ilicifolius Linnaeus,Ceriops tagal (Perr. C. B. Roby),73.19245379
920,Avicennia alba Blume,Ceriops tagal (Perr. C. B. Roby),73.19245379
921,Avicennia marina (Forsk.) Vierh,Ceriops tagal (Perr. C. B. Roby),73.19245379
922,Avicennia officinalis L.,Ceriops tagal (Perr. C. B. Roby),73.19245379
923,Nypa fruticans (Thunb.) Wurmb. ,Ceriops tagal (Perr. C. B. Roby),73.19245379
924,Lumnitzera racemosa Willd.,Ceriops tagal (Perr. C. B. Roby),53.08679414
925,Exocoecaria agallocha L.,Ceriops tagal (Perr. C. B. Roby),53.08679414
926,Cynometra ramiflora L.,Ceriops tagal (Perr. C. B. Roby),53.08679414
927,Sonneratia alba J. Smith,Ceriops tagal (Perr. C. B. Roby),73.19245379
928,Sonneratia caeseolaris (L.) Engl.,Ceriops tagal (Perr. C. B. Roby),53.08679414
929,sonneratia apetala Buch. - Ham,Ceriops tagal (Perr. C. B. Roby),53.08679414
930,Sonneratia griffithi Kurz ,Ceriops tagal (Perr. C. B. Roby),53.08679414
931,Heritiera globosa Kostermans,Ceriops tagal (Perr. C. B. Roby),73.19245379
932,Heritiera fomes Buch.-Ham,Ceriops tagal (Perr. C. B. Roby),73.19245379
933,Heritiera littoralis Dryand,Ceriops tagal (Perr. C. B. Roby),73.19245379
934,Xylocarpus granatum J. Konig,Ceriops tagal (Perr. C. B. Roby),53.08679414
935,Xylocarpus mekongensis Pierre. ,Ceriops tagal (Perr. C. B. Roby),53.08679414
936,Xylocarpus moluccensis (Lamk.),Ceriops tagal (Perr. C. B. Roby),53.08679414
937,Phoenix paludosa Roxb.,Ceriops tagal (Perr. C. B. Roby),100
938,Aegialitis rotundifolia Roxb.,Ceriops tagal (Perr. C. B. Roby),73.19245379
939,Aegiceras corniculatum (L.) Blanco,Ceriops tagal (Perr. C. B. Roby),73.19245379
940,Acrostichum aureum L.,Ceriops tagal (Perr. C. B. Roby),100
941,Bruguiera cylindrica (L.) Blume,Ceriops tagal (Perr. C. B. Roby),31.43454528
942,Bruguiera gymnorrhiza (L.) Savigny,Ceriops tagal (Perr. C. B. Roby),31.43454528
943,Bruguiera sexangula (Lour.) Poir.,Ceriops tagal (Perr. C. B. Roby),31.43454528
944,Bruguiera parviflora,Ceriops tagal (Perr. C. B. Roby),31.43454528
945,Ceriops decandra (Griff) Ding Hou,Ceriops tagal (Perr. C. B. Roby),17.74028793
946,Ceriops tagal (Perr. C. B. Roby),Ceriops tagal (Perr. C. B. Roby),0
947,Kandelia candel Druce,Ceriops tagal (Perr. C. B. Roby),21.97305838
948,Rhizophora apiculata Blume,Ceriops tagal (Perr. C. B. Roby),21.97305838
949,Rhizophorata mucronata Lamk,Ceriops tagal (Perr. C. B. Roby),21.97305838
950,Rhizophora annamalayana Kathiresan,Ceriops tagal (Perr. C. B. Roby),21.97305838
951,Scyphiphora hydrophyllacea C. F. Gaertn,Ceriops tagal (Perr. C. B. Roby),73.19245379
952,Brownlowia tersa (L.) Kosterm ,Ceriops tagal (Perr. C. B. Roby),73.19245379
953,Acanthus ilicifolius Linnaeus,Kandelia candel Druce,73.19245379
954,Avicennia alba Blume,Kandelia candel Druce,73.19245379
955,Avicennia marina (Forsk.) Vierh,Kandelia candel Druce,73.19245379
956,Avicennia officinalis L.,Kandelia candel Druce,73.19245379
957,Nypa fruticans (Thunb.) Wurmb. ,Kandelia candel Druce,73.19245379
958,Lumnitzera racemosa Willd.,Kandelia candel Druce,53.08679414
959,Exocoecaria agallocha L.,Kandelia candel Druce,53.08679414
960,Cynometra ramiflora L.,Kandelia candel Druce,53.08679414
961,Sonneratia alba J. Smith,Kandelia candel Druce,73.19245379
962,Sonneratia caeseolaris (L.) Engl.,Kandelia candel Druce,53.08679414
963,sonneratia apetala Buch. - Ham,Kandelia candel Druce,53.08679414
964,Sonneratia griffithi Kurz ,Kandelia candel Druce,53.08679414
965,Heritiera globosa Kostermans,Kandelia candel Druce,73.19245379
966,Heritiera fomes Buch.-Ham,Kandelia candel Druce,73.19245379
967,Heritiera littoralis Dryand,Kandelia candel Druce,73.19245379
968,Xylocarpus granatum J. Konig,Kandelia candel Druce,53.08679414
969,Xylocarpus mekongensis Pierre. ,Kandelia candel Druce,53.08679414
970,Xylocarpus moluccensis (Lamk.),Kandelia candel Druce,53.08679414
971,Phoenix paludosa Roxb.,Kandelia candel Druce,100
972,Aegialitis rotundifolia Roxb.,Kandelia candel Druce,73.19245379
973,Aegiceras corniculatum (L.) Blanco,Kandelia candel Druce,73.19245379
974,Acrostichum aureum L.,Kandelia candel Druce,100
975,Bruguiera cylindrica (L.) Blume,Kandelia candel Druce,31.43454528
976,Bruguiera gymnorrhiza (L.) Savigny,Kandelia candel Druce,31.43454528
977,Bruguiera sexangula (Lour.) Poir.,Kandelia candel Druce,31.43454528
978,Bruguiera parviflora,Kandelia candel Druce,31.43454528
979,Ceriops decandra (Griff) Ding Hou,Kandelia candel Druce,21.97305838
980,Ceriops tagal (Perr. C. B. Roby),Kandelia candel Druce,21.97305838
981,Kandelia candel Druce,Kandelia candel Druce,0
982,Rhizophora apiculata Blume,Kandelia candel Druce,21.97305838
983,Rhizophorata mucronata Lamk,Kandelia candel Druce,21.97305838
984,Rhizophora annamalayana Kathiresan,Kandelia candel Druce,21.97305838
985,Scyphiphora hydrophyllacea C. F. Gaertn,Kandelia candel Druce,73.19245379
986,Brownlowia tersa (L.) Kosterm ,Kandelia candel Druce,73.19245379
987,Acanthus ilicifolius Linnaeus,Rhizophora apiculata Blume,73.19245379
988,Avicennia alba Blume,Rhizophora apiculata Blume,73.19245379
989,Avicennia marina (Forsk.) Vierh,Rhizophora apiculata Blume,73.19245379
990,Avicennia officinalis L.,Rhizophora apiculata Blume,73.19245379
991,Nypa fruticans (Thunb.) Wurmb. ,Rhizophora apiculata Blume,73.19245379
992,Lumnitzera racemosa Willd.,Rhizophora apiculata Blume,53.08679414
993,Exocoecaria agallocha L.,Rhizophora apiculata Blume,53.08679414
994,Cynometra ramiflora L.,Rhizophora apiculata Blume,53.08679414
995,Sonneratia alba J. Smith,Rhizophora apiculata Blume,73.19245379
996,Sonneratia caeseolaris (L.) Engl.,Rhizophora apiculata Blume,53.08679414
997,sonneratia apetala Buch. - Ham,Rhizophora apiculata Blume,53.08679414
998,Sonneratia griffithi Kurz ,Rhizophora apiculata Blume,53.08679414
999,Heritiera globosa Kostermans,Rhizophora apiculata Blume,73.19245379
1000,Heritiera fomes Buch.-Ham,Rhizophora apiculata Blume,73.19245379
1001,Heritiera littoralis Dryand,Rhizophora apiculata Blume,73.19245379
1002,Xylocarpus granatum J. Konig,Rhizophora apiculata Blume,53.08679414
1003,Xylocarpus mekongensis Pierre. ,Rhizophora apiculata Blume,53.08679414
1004,Xylocarpus moluccensis (Lamk.),Rhizophora apiculata Blume,53.08679414
1005,Phoenix paludosa Roxb.,Rhizophora apiculata Blume,100
1006,Aegialitis rotundifolia Roxb.,Rhizophora apiculata Blume,73.19245379
1007,Aegiceras corniculatum (L.) Blanco,Rhizophora apiculata Blume,73.19245379
1008,Acrostichum aureum L.,Rhizophora apiculata Blume,100
1009,Bruguiera cylindrica (L.) Blume,Rhizophora apiculata Blume,31.43454528
1010,Bruguiera gymnorrhiza (L.) Savigny,Rhizophora apiculata Blume,31.43454528
1011,Bruguiera sexangula (Lour.) Poir.,Rhizophora apiculata Blume,31.43454528
1012,Bruguiera parviflora,Rhizophora apiculata Blume,31.43454528
1013,Ceriops decandra (Griff) Ding Hou,Rhizophora apiculata Blume,21.97305838
1014,Ceriops tagal (Perr. C. B. Roby),Rhizophora apiculata Blume,21.97305838
1015,Kandelia candel Druce,Rhizophora apiculata Blume,21.97305838
1016,Rhizophora apiculata Blume,Rhizophora apiculata Blume,0
1017,Rhizophorata mucronata Lamk,Rhizophora apiculata Blume,17.74028793
1018,Rhizophora annamalayana Kathiresan,Rhizophora apiculata Blume,17.74028793
1019,Scyphiphora hydrophyllacea C. F. Gaertn,Rhizophora apiculata Blume,73.19245379
1020,Brownlowia tersa (L.) Kosterm ,Rhizophora apiculata Blume,73.19245379
1021,Acanthus ilicifolius Linnaeus,Rhizophorata mucronata Lamk,73.19245379
1022,Avicennia alba Blume,Rhizophorata mucronata Lamk,73.19245379
1023,Avicennia marina (Forsk.) Vierh,Rhizophorata mucronata Lamk,73.19245379
1024,Avicennia officinalis L.,Rhizophorata mucronata Lamk,73.19245379
1025,Nypa fruticans (Thunb.) Wurmb. ,Rhizophorata mucronata Lamk,73.19245379
1026,Lumnitzera racemosa Willd.,Rhizophorata mucronata Lamk,53.08679414
1027,Exocoecaria agallocha L.,Rhizophorata mucronata Lamk,53.08679414
1028,Cynometra ramiflora L.,Rhizophorata mucronata Lamk,53.08679414
1029,Sonneratia alba J. Smith,Rhizophorata mucronata Lamk,73.19245379
1030,Sonneratia caeseolaris (L.) Engl.,Rhizophorata mucronata Lamk,53.08679414
1031,sonneratia apetala Buch. - Ham,Rhizophorata mucronata Lamk,53.08679414
1032,Sonneratia griffithi Kurz ,Rhizophorata mucronata Lamk,53.08679414
1033,Heritiera globosa Kostermans,Rhizophorata mucronata Lamk,73.19245379
1034,Heritiera fomes Buch.-Ham,Rhizophorata mucronata Lamk,73.19245379
1035,Heritiera littoralis Dryand,Rhizophorata mucronata Lamk,73.19245379
1036,Xylocarpus granatum J. Konig,Rhizophorata mucronata Lamk,53.08679414
1037,Xylocarpus mekongensis Pierre. ,Rhizophorata mucronata Lamk,53.08679414
1038,Xylocarpus moluccensis (Lamk.),Rhizophorata mucronata Lamk,53.08679414
1039,Phoenix paludosa Roxb.,Rhizophorata mucronata Lamk,100
1040,Aegialitis rotundifolia Roxb.,Rhizophorata mucronata Lamk,73.19245379
1041,Aegiceras corniculatum (L.) Blanco,Rhizophorata mucronata Lamk,73.19245379
1042,Acrostichum aureum L.,Rhizophorata mucronata Lamk,100
1043,Bruguiera cylindrica (L.) Blume,Rhizophorata mucronata Lamk,31.43454528
1044,Bruguiera gymnorrhiza (L.) Savigny,Rhizophorata mucronata Lamk,31.43454528
1045,Bruguiera sexangula (Lour.) Poir.,Rhizophorata mucronata Lamk,31.43454528
1046,Bruguiera parviflora,Rhizophorata mucronata Lamk,31.43454528
1047,Ceriops decandra (Griff) Ding Hou,Rhizophorata mucronata Lamk,21.97305838
1048,Ceriops tagal (Perr. C. B. Roby),Rhizophorata mucronata Lamk,21.97305838
1049,Kandelia candel Druce,Rhizophorata mucronata Lamk,21.97305838
1050,Rhizophora apiculata Blume,Rhizophorata mucronata Lamk,17.74028793
1051,Rhizophorata mucronata Lamk,Rhizophorata mucronata Lamk,0
1052,Rhizophora annamalayana Kathiresan,Rhizophorata mucronata Lamk,17.74028793
1053,Scyphiphora hydrophyllacea C. F. Gaertn,Rhizophorata mucronata Lamk,73.19245379
1054,Brownlowia tersa (L.) Kosterm ,Rhizophorata mucronata Lamk,73.19245379
1055,Acanthus ilicifolius Linnaeus,Rhizophora annamalayana Kathiresan,73.19245379
1056,Avicennia alba Blume,Rhizophora annamalayana Kathiresan,73.19245379
1057,Avicennia marina (Forsk.) Vierh,Rhizophora annamalayana Kathiresan,73.19245379
1058,Avicennia officinalis L.,Rhizophora annamalayana Kathiresan,73.19245379
1059,Nypa fruticans (Thunb.) Wurmb. ,Rhizophora annamalayana Kathiresan,73.19245379
1060,Lumnitzera racemosa Willd.,Rhizophora annamalayana Kathiresan,53.08679414
1061,Exocoecaria agallocha L.,Rhizophora annamalayana Kathiresan,53.08679414
1062,Cynometra ramiflora L.,Rhizophora annamalayana Kathiresan,53.08679414
1063,Sonneratia alba J. Smith,Rhizophora annamalayana Kathiresan,73.19245379
1064,Sonneratia caeseolaris (L.) Engl.,Rhizophora annamalayana Kathiresan,53.08679414
1065,sonneratia apetala Buch. - Ham,Rhizophora annamalayana Kathiresan,53.08679414
1066,Sonneratia griffithi Kurz ,Rhizophora annamalayana Kathiresan,53.08679414
1067,Heritiera globosa Kostermans,Rhizophora annamalayana Kathiresan,73.19245379
1068,Heritiera fomes Buch.-Ham,Rhizophora annamalayana Kathiresan,73.19245379
1069,Heritiera littoralis Dryand,Rhizophora annamalayana Kathiresan,73.19245379
1070,Xylocarpus granatum J. Konig,Rhizophora annamalayana Kathiresan,53.08679414
1071,Xylocarpus mekongensis Pierre. ,Rhizophora annamalayana Kathiresan,53.08679414
1072,Xylocarpus moluccensis (Lamk.),Rhizophora annamalayana Kathiresan,53.08679414
1073,Phoenix paludosa Roxb.,Rhizophora annamalayana Kathiresan,100
1074,Aegialitis rotundifolia Roxb.,Rhizophora annamalayana Kathiresan,73.19245379
1075,Aegiceras corniculatum (L.) Blanco,Rhizophora annamalayana Kathiresan,73.19245379
1076,Acrostichum aureum L.,Rhizophora annamalayana Kathiresan,100
1077,Bruguiera cylindrica (L.) Blume,Rhizophora annamalayana Kathiresan,31.43454528
1078,Bruguiera gymnorrhiza (L.) Savigny,Rhizophora annamalayana Kathiresan,31.43454528
1079,Bruguiera sexangula (Lour.) Poir.,Rhizophora annamalayana Kathiresan,31.43454528
1080,Bruguiera parviflora,Rhizophora annamalayana Kathiresan,31.43454528
1081,Ceriops decandra (Griff) Ding Hou,Rhizophora annamalayana Kathiresan,21.97305838
1082,Ceriops tagal (Perr. C. B. Roby),Rhizophora annamalayana Kathiresan,21.97305838
1083,Kandelia candel Druce,Rhizophora annamalayana Kathiresan,21.97305838
1084,Rhizophora apiculata Blume,Rhizophora annamalayana Kathiresan,17.74028793
1085,Rhizophorata mucronata Lamk,Rhizophora annamalayana Kathiresan,17.74028793
1086,Rhizophora annamalayana Kathiresan,Rhizophora annamalayana Kathiresan,0
1087,Scyphiphora hydrophyllacea C. F. Gaertn,Rhizophora annamalayana Kathiresan,73.19245379
1088,Brownlowia tersa (L.) Kosterm ,Rhizophora annamalayana Kathiresan,73.19245379
1089,Acanthus ilicifolius Linnaeus,Scyphiphora hydrophyllacea C. F. Gaertn,73.19245379
1090,Avicennia alba Blume,Scyphiphora hydrophyllacea C. F. Gaertn,73.19245379
1091,Avicennia marina (Forsk.) Vierh,Scyphiphora hydrophyllacea C. F. Gaertn,73.19245379
1092,Avicennia officinalis L.,Scyphiphora hydrophyllacea C. F. Gaertn,73.19245379
1093,Nypa fruticans (Thunb.) Wurmb. ,Scyphiphora hydrophyllacea C. F. Gaertn,73.19245379
1094,Lumnitzera racemosa Willd.,Scyphiphora hydrophyllacea C. F. Gaertn,73.19245379
1095,Exocoecaria agallocha L.,Scyphiphora hydrophyllacea C. F. Gaertn,73.19245379
1096,Cynometra ramiflora L.,Scyphiphora hydrophyllacea C. F. Gaertn,73.19245379
1097,Sonneratia alba J. Smith,Scyphiphora hydrophyllacea C. F. Gaertn,53.08679414
1098,Sonneratia caeseolaris (L.) Engl.,Scyphiphora hydrophyllacea C. F. Gaertn,73.19245379
1099,sonneratia apetala Buch. - Ham,Scyphiphora hydrophyllacea C. F. Gaertn,73.19245379
1100,Sonneratia griffithi Kurz ,Scyphiphora hydrophyllacea C. F. Gaertn,73.19245379
1101,Heritiera globosa Kostermans,Scyphiphora hydrophyllacea C. F. Gaertn,73.19245379
1102,Heritiera fomes Buch.-Ham,Scyphiphora hydrophyllacea C. F. Gaertn,73.19245379
1103,Heritiera littoralis Dryand,Scyphiphora hydrophyllacea C. F. Gaertn,73.19245379
1104,Xylocarpus granatum J. Konig,Scyphiphora hydrophyllacea C. F. Gaertn,73.19245379
1105,Xylocarpus mekongensis Pierre. ,Scyphiphora hydrophyllacea C. F. Gaertn,73.19245379
1106,Xylocarpus moluccensis (Lamk.),Scyphiphora hydrophyllacea C. F. Gaertn,73.19245379
1107,Phoenix paludosa Roxb.,Scyphiphora hydrophyllacea C. F. Gaertn,100
1108,Aegialitis rotundifolia Roxb.,Scyphiphora hydrophyllacea C. F. Gaertn,73.19245379
1109,Aegiceras corniculatum (L.) Blanco,Scyphiphora hydrophyllacea C. F. Gaertn,53.08679414
1110,Acrostichum aureum L.,Scyphiphora hydrophyllacea C. F. Gaertn,100
1111,Bruguiera cylindrica (L.) Blume,Scyphiphora hydrophyllacea C. F. Gaertn,73.19245379
1112,Bruguiera gymnorrhiza (L.) Savigny,Scyphiphora hydrophyllacea C. F. Gaertn,73.19245379
1113,Bruguiera sexangula (Lour.) Poir.,Scyphiphora hydrophyllacea C. F. Gaertn,73.19245379
1114,Bruguiera parviflora,Scyphiphora hydrophyllacea C. F. Gaertn,73.19245379
1115,Ceriops decandra (Griff) Ding Hou,Scyphiphora hydrophyllacea C. F. Gaertn,73.19245379
1116,Ceriops tagal (Perr. C. B. Roby),Scyphiphora hydrophyllacea C. F. Gaertn,73.19245379
1117,Kandelia candel Druce,Scyphiphora hydrophyllacea C. F. Gaertn,73.19245379
1118,Rhizophora apiculata Blume,Scyphiphora hydrophyllacea C. F. Gaertn,73.19245379
1119,Rhizophorata mucronata Lamk,Scyphiphora hydrophyllacea C. F. Gaertn,73.19245379
1120,Rhizophora annamalayana Kathiresan,Scyphiphora hydrophyllacea C. F. Gaertn,73.19245379
1121,Scyphiphora hydrophyllacea C. F. Gaertn,Scyphiphora hydrophyllacea C. F. Gaertn,0
1122,Brownlowia tersa (L.) Kosterm ,Scyphiphora hydrophyllacea C. F. Gaertn,73.19245379
1123,Acanthus ilicifolius Linnaeus,Brownlowia tersa (L.) Kosterm ,73.19245379
1124,Avicennia alba Blume,Brownlowia tersa (L.) Kosterm ,73.19245379
1125,Avicennia marina (Forsk.) Vierh,Brownlowia tersa (L.) Kosterm ,73.19245379
1126,Avicennia officinalis L.,Brownlowia tersa (L.) Kosterm ,73.19245379
1127,Nypa fruticans (Thunb.) Wurmb. ,Brownlowia tersa (L.) Kosterm ,73.19245379
1128,Lumnitzera racemosa Willd.,Brownlowia tersa (L.) Kosterm ,73.19245379
1129,Exocoecaria agallocha L.,Brownlowia tersa (L.) Kosterm ,73.19245379
1130,Cynometra ramiflora L.,Brownlowia tersa (L.) Kosterm ,73.19245379
1131,Sonneratia alba J. Smith,Brownlowia tersa (L.) Kosterm ,73.19245379
1132,Sonneratia caeseolaris (L.) Engl.,Brownlowia tersa (L.) Kosterm ,73.19245379
1133,sonneratia apetala Buch. - Ham,Brownlowia tersa (L.) Kosterm ,73.19245379
1134,Sonneratia griffithi Kurz ,Brownlowia tersa (L.) Kosterm ,73.19245379
1135,Heritiera globosa Kostermans,Brownlowia tersa (L.) Kosterm ,31.43454528
1136,Heritiera fomes Buch.-Ham,Brownlowia tersa (L.) Kosterm ,31.43454528
1137,Heritiera littoralis Dryand,Brownlowia tersa (L.) Kosterm ,31.43454528
1138,Xylocarpus granatum J. Konig,Brownlowia tersa (L.) Kosterm ,73.19245379
1139,Xylocarpus mekongensis Pierre. ,Brownlowia tersa (L.) Kosterm ,73.19245379
1140,Xylocarpus moluccensis (Lamk.),Brownlowia tersa (L.) Kosterm ,73.19245379
1141,Phoenix paludosa Roxb.,Brownlowia tersa (L.) Kosterm ,100
1142,Aegialitis rotundifolia Roxb.,Brownlowia tersa (L.) Kosterm ,73.19245379
1143,Aegiceras corniculatum (L.) Blanco,Brownlowia tersa (L.) Kosterm ,73.19245379
1144,Acrostichum aureum L.,Brownlowia tersa (L.) Kosterm ,100
1145,Bruguiera cylindrica (L.) Blume,Brownlowia tersa (L.) Kosterm ,73.19245379
1146,Bruguiera gymnorrhiza (L.) Savigny,Brownlowia tersa (L.) Kosterm ,73.19245379
1147,Bruguiera sexangula (Lour.) Poir.,Brownlowia tersa (L.) Kosterm ,73.19245379
1148,Bruguiera parviflora,Brownlowia tersa (L.) Kosterm ,73.19245379
1149,Ceriops decandra (Griff) Ding Hou,Brownlowia tersa (L.) Kosterm ,73.19245379
1150,Ceriops tagal (Perr. C. B. Roby),Brownlowia tersa (L.) Kosterm ,73.19245379
1151,Kandelia candel Druce,Brownlowia tersa (L.) Kosterm ,73.19245379
1152,Rhizophora apiculata Blume,Brownlowia tersa (L.) Kosterm ,73.19245379
1153,Rhizophorata mucronata Lamk,Brownlowia tersa (L.) Kosterm ,73.19245379
1154,Rhizophora annamalayana Kathiresan,Brownlowia tersa (L.) Kosterm ,73.19245379
1155,Scyphiphora hydrophyllacea C. F. Gaertn,Brownlowia tersa (L.) Kosterm ,73.19245379
1156,Brownlowia tersa (L.) Kosterm ,Brownlowia tersa (L.) Kosterm ,0
